abalone	abalone
aberration	aberration
abigail	abigajil	 abigail
ablative	ablativ
abnormal	abnormal	 anormal	 unnormal
aborigine	aborigine
abort	abort	 schwangerschaftsabbruch	 abbruch
abraham	abraham
abrasion	abrasion
abrupt	abrupt
abruptly	abrupt
absinth	absinth
absinthe	absinth
absolution	absolution
absolutist	absolutistisch	 absolutist
absorption	absorption
abstinence	abstinenz
abstinent	abstinent	 abstinenzler	 enthaltsam
abstract	abstrahieren	 auszug	 zusammenfassung	 abstrakt
abstraction	abstraktion
absurd	absurd
absurdity	absurdität
acetaldehyde	acetaldehyd
acetate	azetat
acetone	azeton	 aceton	 dimethylketon
acetylcholine	azetylcholin
acetylene	acetylen
achilles	achilleus
acrobat	akrobat	 akrobatin
acronym	akronym
act	akte	 akt
actinium	actinium
action	action	 aktion	 funktion
activist	aktivistin	 aktivist
adam	adam
adapter	adapter
addition	addition
additive	additiv
adenine	adenin
adieu	adieu
adjutant	adjutant	 assistent
administrator	verwaltungsleiter	 nachlassverwalter	 verwalter	 administrator	 sachbearbeiter
admiral	admiral
admiralty	admiralität	 admiralsamt	 admiralswürde
adrenaline	adrenalin
advent	advent
aerodynamic	aerodynamisch
aerodynamics	aerodynamik
aerology	aerologie
aeronautic	aeronautisch
afar	afar	 danakil
affect	affekt
affirmative	affirmativer satz
affix	affix
afghan	afghanisch	 afghanisch	 afghane
afghanistan	afghanistan
africa	afrika
afrikaans	afrikander	 afrikaans
aftershave	aftershave
agenda	agenda	 tagesordnung
agent	agent
aggression	aggression
aggressive	angriffslustig	 aggressiv
aggressor	aggressor
agile	agil
agitation	agitation
agitator	agitator
agitprop	agitprop
agoraphobia	agoraphobie
aha	aha
aids	aids
alarm	alarm schlagen	 alarmstimmung	 alarmieren	 alarmsignal	 alarm
alarmism	alarmismus
alaska	alaska
albany	albany
albatross	albatros
albedo	albedo
alberta	alberta
albino	albino
album	album
alchemist	alchemist
ale	ale
algebra	algebra
algiers	algier
algorithm	algorithmus
alibi	alibi
alice	alice
all	all	 alle
allah	allah
allegoric	allegorisch
allele	allel
alleluia	halleluja
allergen	allergen
alley	allee
alligator	alligator
allotropic	allotrop
allotropy	allotropie
allusion	allusion
alpaca	alpaka
alphabet	alphabet
alphabetic	alphabetisch
alphanumeric	alphanumerisch
alphorn	alphorn
altar	altar
altimeter	altimeter
altruism	altruismus
altruistic	altruistisch
amalgam	amalgam
amaryllis	amaryllis
amateur	amateurhaft	 amateur	 amateurin
ambiguity	ambiguität
ambivalence	ambivalenz
ambivalent	ambivalent	 doppelwertig
ambrosia	ambrosia
amen	amen
america	amerika
americium	americium
amethyst	amethyst
amide	amid
ammonia	ammoniak
ammonium	ammonium
ammunition	munition
amnesia	amnesie
amorality	amoralität
ampere	ampere
amphibian	amphibie
amphora	amphore
amplitude	amplitude
amputation	amputation
amsterdam	amsterdam
amulet	amulett
amylase	amylase
anabolism	anabolismus
anachronism	anachronismus
anagram	anagramm
analog	analog	 analogon
analogue	analog
analysis	analyse	 analysis
anarchism	anarchismus
anarchist	anarchist
anarchistic	anarchistisch
anathema	bannstrahl	 anathema
andorra	andorra
android	android
andromeda	andromeda
anemone	anemone
aneurysm	aneurysma
angolan	angolanerin	 angolaner	 angolanisch
animation	animation
animosity	animosität
anion	anion
anise	anis
anisette	anisette
ankara	ankara
anna	hanna
anomalous	anomal
anopia	anopsie	 anopie
antagonism	antagonismus
antenna	antenne
anthropology	anthropologie
anthropomorphic	anthropomorph
anthropomorphism	anthropomorphismus
antibiotic	antibiotisch	 antibiotikum
antichrist	antichrist
antidepressant	antidepressivum
antidote	antidot	 gegenmittel	 gegengift
antifascist	antifaschistisch	 antifaschist	 antifaschistin
antimacassar	antimakassar
antimatter	antimaterie
antimony	antimon
antinomy	antinomie
antipyretic	antipyretikum	 antipyretisch
antithesis	antithese
antonym	antonym
antonymy	antonymie
anus	anus
apartheid	apartheid
apatite	apatit
aperitif	aperitif
aphasia	aphasie
aphorism	aphorismus
aphoristic	aphoristisch
aplomb	aplomb
apocalypse	apokalypse
apollo	apoll	 apollon
apoplexy	apoplexie	 apoplexia
apostrophe	apostroph	 hochkomma
apparatus	apparat
appendicitis	appendizitis
applause	applaus
apposition	apposition
april	april
apropos	apropos
aquarium	aquarium
arachnid	arachnid
arbitrary	arbiträr	 willkürlich
archimandrite	archimandrit
archipelago	archipel
architect	architekt	 architektin
archive	archivieren	 archiv
arena	arena
ares	ares
argentina	argentinien
arginine	arginin
argon	argon
argonaut	argonaut
argument	argument	 streit	 argumentation	 streitgespräch
aristocrat	aristokrat
arithmetic	arithmetik
arm	arm
armageddon	harmagedon
arnica	arnika
arrhythmia	arrhythmie	 herzrhythmusstörung
arrogance	arroganz
arrogant	arrogant
arsenic	arsen
artemis	artemis
artery	arterie
arthritis	arthritis
artillery	artillerie
artist	artist
artistic	artistisch	 gestalterisch
asbestos	asbest
asbestosis	asbestose
aspect	aspekt
asphalt	asphalt
aspirin	aspirin
assam	assam
assassin	assassine	 auftragsmörder
assay	assay
assembler	assembler
assimilation	assimilation
astatine	astat	 astatin
aster	aster
asterism	asterismus
asthma	asthma
astrology	astrologie
astronaut	astronaut
astronomer	astronom
astronomy	astronomie
astrophysics	astrophysik
asymmetric	asymmetrisch
asymptote	asymptote
asymptotic	asymptotisch
atavism	atavismus
atavistic	atavistisch
ataxia	ataxie
atelier	atelier
atheism	atheismus
atheist	atheist
atheistic	atheistisch
atheists	atheistinnen	 atheisten
athena	athene
athens	athen
athlete	athlet
atlas	atlant	 atlas
atmosphere	atmosphäre
atoll	atoll
atom	atom
atonal	atonal
atrium	atrium
attache	attaché
attack	attackieren	 attacke
attribute	attribut
attributive	attributiv
audio	audio
audiology	audiologie
augment	augment
augur	augur
august	august
augusta	auguste
australia	australien
australian	australisch	 australier	 australierin
autism	autismus
autochthonous	autochthon
autodidact	autodidakt
automatic	auto	 automatisch
autonomous	autonom
autonomy	autonomie
autopilot	autopilot
avantgarde	avantgarde
avocado	avocadobaum	 avocado
axiom	axiom
axolotl	axolotl
azores	azoren
azure	azur	 azurblau
babble	brabbeln	 babbeln	 brabbeln
baby	baby
babylonia	babylonien
baccarat	baccara
backgammon	backgammon
badminton	badminton
bagatelle	bagatelle
bagel	bagel
baguette	baguette
baklava	baklava
balalaika	balalaika
balance	bilanzieren	 bilanz	 balancieren	 ausgewogenheit	 balance
bali	bali
ball	ball	 fußballen
ballad	ballade
ballast	ballasten	 ballast
ballet	ballett
ballistic	ballistisch
balloon	luftballon	 ballon	 heißluftballon
balsam	balsam
balustrade	balustrade
banal	banal
banality	banalität
banana	banane	 bananenstaude
band	binden	 bande	 band
bandit	bandit
bandy	bandy
bangkok	bangkok
banjo	banjo
bank	bank
banknote	banknote
banner	banner
banshee	banshee
bar	barren	 bar
barbados	barbados
barbarian	barbar	 barbarisch
barbecue	barbecue
barbel	barbe
bard	barde
baritone	bariton
barium	barium
bark	bark	 borke
barometer	barometer
baron	baron
baroness	baroness
barrier	barriere	 hindernis
bartender	bartender	 barmann	 barkeeper
basalt	basalt
base	basis	 base	 kaserne	 basieren	 grundlage
baseball	baseball
basis	basis
basketball	basketball
bass	bass	 baßschlüssel	 barsch	 bassschlüssel	 bass
bassist	bassist
bastard	bastard
bastion	bastion
bathyscaphe	bathyskaph	 bathyscaph
batman	batman
baud	baud
bauxite	bauxit
begonia	begonie
behaviorism	behaviorismus
behemoth	behemot	 riesentier	 moloch
beige	beige	 beige
beirut	beirut
belfast	belfast
belgrade	belgrad
benin	benin
benjamin	benjamin
benzine	benzin
berkelium	berkelium
berlin	berlin
bermuda	bermudas
berserk	berserker
beryl	beryll
beryllium	beryllium
bhutan	bhutan
bhutanese	bhutanerin	 bhutanisch	 bhutaner
biathlon	biathlon
bidet	bidet
bifurcation	verzweigung	 bifurkation
bikini	bikini
bilateral	bilateral
bilingual	bilingual
billion	billion	 milliarde
bingo	bingo
biogeography	biogeographie
biophysics	biophysik
bisexual	bisexuell
bismuth	bismut	 wismut
bison	wisent	 bison	 amerikanischer bison
bistro	bistro
bit	bit
bitter	bitter	 verbittert	 erbittert
bitumen	bitumen
bizarre	bizarr
blaspheme	gotteslästerung	 blasphemie	 blasphemieren	 gott lästern
blasphemy	gotteslästerung	 blasphemie
blind	blenden	 blind
blitzkrieg	blitzkrieg
block	abblocken	 häuserblock	 blockieren	 block
blockade	blockade
blockbuster	verkaufsschlager	 blockbuster	 kassenknüller
blond	blond	 blondine
blowjob	blowjob
blues	blues
blunt	blunt
bodybuilder	bodybuilder	 bodybuilderin
bodybuilding	bodybuilding
bodyguard	bodyguard
bogota	bogotá	 bogota
boiler	boiler
bolivian	bolivianer	 bolivianerin	 bolivianisch
bologna	bologna
bolster	polster
bomb	bombardieren	 bombe
bombard	bombarde	 bombardieren
bombastic	bombastisch
bongo	bongo
bonsai	bonsai
bonus	bonus
bonze	bonze
boolean	boolsch	 boolean
borscht	borschtsch
boson	boson
bougainvillea	bougainvillea
bouillon	bouillon
boulevard	boulevard
bouquet	bouquet	 blumenstrauß
bourgeois	bourgeois
bourgeoisie	bourgeoisie
boutique	boutique
box	boxschlag	 boxhieb	 boxen	 box
boxer	boxer
boy	boy
branch	branche	 springen
brandy	brandy	 weinbrand
bratwurst	bratwurst
break	zerbrechen	 break	 brechen
breton	bretonisch	 bretonisch	 bretone	 bretonin
bridge	bridge
brie	brie
brigade	brigade
brigand	brigant
brilliant	brillant	 genial	 brillant
bring	bringen
brioche	brioche	 apostelkuchen
brisbane	brisbane
briton	brite	 britin
bromide	bromid
bronze	bronze	 bronzen
browser	browser
brutal	brutal
brutality	brutalität
budapest	budapest
buddha	buddha
buddhism	buddhismus
buddhist	buddhistisch
budget	budget
buffalo	büffel	 buffalo
buffer	puffer
bulgaria	bulgarien
bulgarian	bulgare	 bulgarisch	 bulgarisch	 bulgarin
bulimia	bulimie
bull	bulle	 bullen-	 -bulle	 bullette	 bullen-
bulldog	bulldogge
bulletin	bulletin	 mitteilungsblatt
bully	bully
bungalow	bungalow
bunker	bunker
burgher	burgher
burgundy	burgund	 burgunder
burundi	burundi
bus	bus
butane	butan
butler	butler
butter	butter
buttermilk	buttermilch
bypass	bypass
byte	byte
cabriolet	cabriolet	 cabrio	 kabriolett
cadaver	kadaver
cadmium	kadmium	 cadmium
caesar	caesar	 cäsar
calcite	calcit
calcium	calcium	 kalzium
caldera	caldera
californium	californium
calorie	kalorie
calvinism	calvinismus	 kalvinismus
calvinist	kalvinist	 calvinist
camera	videokamera	 kamera
cameraman	kameramann
campus	campus
canberra	canberra
candidate	kandidat	 kandidatin
cannabis	cannabis
cannibal	kannibale
cannibalism	kannibalismus
canton	kanton
cantonese	kantonesisch	 kantonese	 kantonesin
cape	cape
capital	kapital	 kapitell
capitalism	kapitalismus
capitol	kapitol
capsicum	capsicum
capstan	capstan
capybara	capybara
caracas	caracas
caramel	karamell	 caramel
cardinal	rotkardinal	 kardinal
cardioid	kardioide
caries	karies
carton	karton
casablanca	casablanca
casino	kasino
cassette	kassette
catamaran	katamaran
catapult	katapultieren	 katapult
catastrophe	katastrophe
catcher	catcher
catechism	katechismus
catharsis	katharsis
cathedral	kathedrale
catheter	katheter
cathode	kathode
cation	kation
caution	kaution
cavalier	kavalier
caviar	kaviar
cayenne	cayenne
cedilla	cedille
cello	violoncello	 cello
cellophane	cellophan
cellulose	zellulose
cement	zement	 zementieren
cenotaph	kenotaph
census	zensus
cent	cent
centaur	kentaur	 zentaur
central	zentral
centrifuge	zentrifuge	 zentrifugal
cerebral	zerebral
ceylon	ceylon
chalcedony	chalcedon
champagne	champagner
chance	gelegenheit	 chance
chaos	chaos
chaperon	reisebegleiterin	 anstandsdame	 begleitperson	 chaperone	 begleiterin	 eskortieren	 chaperon	 aufsichtsperson
characteristic	charakteristisch	 eigenart	 eigenschaft	 charakteristik
charades	scharade
charisma	charisma
charismatic	charismatisch
charlatan	scharlatan
charlotte	charlotte
charm	charme
chassis	chassis
chat	chatten	 chat
chauffeur	chauffieren	 chauffeur
chauvinism	hurra-patriotismus	 hurrapatriotismus	 chauvinismus
chauvinist	chauvinist	 chauvinistisch
check	abgleichen	 checken	 schach
checklist	checkliste
cheeseburger	cheeseburger
chic	chic	 chic	 schick
chicago	chicago
chickasaw	chickasaw
chile	chile
chill	chillen
chimpanzee	schimpanse
china	china
chinchilla	chinchilla
chinese	chinesisch	 chinesen	 chinesin	 chinese	 chinesisch	 chinesinnen
chips	chips
chitin	chitin
chloride	chlorid
chloroform	chloroform
chlorophyll	chlorophyll
chocolate	schokoladenfarben	 schokoladenbraun	 chocolat	 schokolade
cholera	cholera
cholesterol	cholesterin
choline	cholin
choral	choral
chorale	chor	 choral
chorus	chor	 chorus
christian	christ	 christin	 christlich
chromosomal	chromosomal
chromosome	chromosom
chrysanthemum	chrysantheme
chutney	chutney
circa	zirka	 circa
clan	clan
clandestine	klandestin
claque	claque
class	klasse	 classis
classification	klassifikation
claustrophobia	klaustrophobie
claustrophobic	klaustrophobisch
cleaver	cleaver
cleopatra	kleopatra
client	klient
clique	clique
clitoris	klitoris
clown	clown
cluster	sternhaufen	 cluster
coalition	koalition
cobalt	kobalt
cocktail	cocktail
cognac	cognac
cognition	kognition
cognitive	kognitiv
coitus	koitus
collaboration	kollektivarbeit	 kollaboration
collage	collage
collegial	kollegial
collie	collie
collision	kollision	 zusammenstoß
colluvium	kolluvium
colombo	colombo
colonialism	kolonialismus
colonist	kolonist
colossal	kolossal
columnist	kolumnist
combination	kombination
comfort	komfort	 trost
comics	comic
commentary	kommentar
commentator	kommentator
commission	in dienst stellen	 provision	 kommission	 abschlußprovision
commodore	kommodore
communism	kommunismus
communist	kommunistin	 kommunist	 kommunistisch
comparative	komparativ
compass	umfang	 kompass
compatibility	kompatibilität
compensation	ersatz	 kompensation	 kompensierung	 entlohnung
competent	kompetent
compiler	compiler	 kompiler	 kompilator
compliment	kompliment
component	komponente
composition	komposition
compost	kompost	 kompostieren
compress	kompresse	 komprimieren
compressibility	komprimierbarkeit	 kompressibilität
compromise	kompromittieren	 beeinträchtigen	 kompromiss	 einen
computer	computer
concentration	konzentration
condensate	kondensat
condition	konditionieren	 kondition
conditional	konditional
condom	kondom
condor	kondor
confetti	konfetti
configuration	konfiguration
confirmation	firmung	 konfirmation
conformism	konformismus
conformist	konformistisch	 konformist
confrontation	konfrontation
confuse	konfuse
congenial	kongenial
congenital	angeboren	 kongenital
conglomerate	konglomerat
congolese	kongolesisch	 kongolesin	 kongolese	 der demokratischen republik kongo
congress	kongress
congruent	kongruent
conjugation	konjugation
connotation	konnotation
consequence	konsequenz
conservatism	konservatismus
consistent	konsistent
consonant	konsonant	 mitlaut
constant	beständig	 konstante	 konstant	 ständig
constellation	konstellation
constipation	obstipation	 verstopfung
constitution	konstitution
consul	konsul
consulate	konsulat
container	behältnis	 container
contamination	kontamination
context	kontext
continent	kontinent
contingent	kontingent	 abhängig	 anteil
contrast	kontrastieren	 kontrast
controversy	kontroverse
convent	konvent
convention	konvention
conventional	konventionell
conversation	konversation	 unterhaltung
convex	konvex
cool	cool
cooperative	kooperativ
coordinate	koordinate	 koordinieren
coordination	koordination	 koordinierung
copenhagen	kopenhagen
copilot	kopilot
copula	kopula
cordon	kordon
coriander	koriander
cormorant	kormoran
cornrow	cornrow
corollary	korollar
corona	korona	 krone
correlation	korrelation
corridor	korridor	 durchgang
corrupt	korrupt
corvette	korvette
cosmonaut	kosmonaut
cosmos	kosmos
cottage	cottage	 kotten
coulomb	coulomb
countdown	countdown	 zeitkontrolle
coup	coup
courage	courage
cousin	cousine	 kusine	 cousin
cover	versteck	 coverversion	 cover	 covern
coypu	coypu
cranial	kranial
crater	krater
creation	kreation
credit	kredit
cree	cree
cremation	kremation	 einäscherung
cricket	kricket	 cricket
criminologist	kriminologin	 kriminologe
croissant	croissant
croupier	croupier
cummerbund	kummerbund
cumulus	kumuluswolke	 cumulus
cup	cup
curator	kurator
curium	curium
curry	curry	 currysoße
cursor	cursor
cylinder	zylinder
cypriot	zypriot	 zypriotin
cystitis	zystitis
cytosine	cytosin
dachshund	dachshund	 dackel
dadaism	dadaismus
dahlia	dahlie
daniel	daniel
darwinism	darwinismus
darwinist	darwinist	 darwinistin
date	daten	 datum	 datieren	 dattel
dative	dativ
david	david
davit	davit
deal	deal	 austeilen	 verteilen	 zuteilen	 erteilen	 dealen	 anteil
deck	deck
declaration	deklaration	 erklärung
declination	deklination
decoration	dekorieren	 dekoration
defect	defekt
definite	definitiv
definition	definierung	 präzision	 definition
deflation	deflation
defloration	defloration
deism	deismus
deist	deist
delegation	delegation
delinquent	delinquent
delta	delta
demagogic	demagogisch
demagogue	demagoge	 demagogin
demagogy	demagogie
demented	dement
demonstration	demonstration
deodorant	deodorant
deportation	deportation
depot	depot
depression	depression
derivative	derivat
dermatologist	dermatologe	 dermatologin
dermatology	dermatologie
deserter	deserteur
desertion	desertion	 desertation
desideratum	desideratum
design	design
designer	designer
despot	despot
despotism	despotismus	 despotie
dessert	dessert	 nachspeise
detail	detail	 detaillisieren
determinant	determinante
determination	unterscheidung	 determination	 bestimmung
detonation	detonation
deuterium	deuterium
device	devise
dextrose	dextrose
diagonal	diagonal	 diagonale
diagram	diagramm
dialect	dialekt
dialogue	dialog
diana	diana
diaphanous	diaphan
diaspora	diaspora
diastole	diastole
diazepam	diazepam
dichotomous	dichotom
dichotomy	dichotomie
diesel	diesel
difference	differenz	 meinungsverschiedenheit	 anderssein	 unterschied	 andersartigkeit	 differenzieren	 unterscheiden
differentiation	differentiation	 differenziation	 differenzierung
digital	digital
dildo	dildo
dilemma	dilemma
dilettantism	dilettantismus
dill	dill
dimension	dimensionieren	 dimension
diminuendo	diminuendo
diminutive	diminutiv
dimmer	dimmer
dingo	dingo
dinosaur	saurier	 dinosaurier
diode	diode
diogenes	diogenes
diorama	diorama
dioxide	dioxid
dip	dip
diphtheria	diphtherie
diphthong	diphthong	 doppellaut
diploid	diploid
diplomat	diplomat
diplomatic	diplomatisch
dirndl	dirndl
disaster	desaster
discussion	diskussion
disillusion	desillusionieren	 desillusion
disinformation	desinformation
diskette	diskette
dispute	disput
dissertation	doktorarbeit	 dissertation
dissident	dissident
distillation	destillation	 destillat
distribution	streuung	 austeilung	 verbreitung	 distribution	 aufteilung
diva	diva
division	division
dodo	dodo	 dudu
dogma	dogma
dollar	dollar
dolomites	dolomiten
dolphin	delfin	 delphin
domain	domain	 domäne	 domains	 domänen
domestic	domestik	 domestike
dominance	dominanz
dominant	dominant
dominica	dominica
don	don
dope	dopen
dossier	dossier
double	double	 doubeln
dover	dover
down	down
download	download
drachma	drachme
drama	drama
dribble	sabbern	 dribbeln
drill	drill	 drillen
drinker	trinker
drive	drive	 treiben	 antreiben
droll	drollig
dromedary	dromedar
drop	drops	 tropfen
druid	druide
dualism	dualismus
dublin	dublin
duel	duell	 duellieren
duet	duett
dugong	dugong
duo	duo
duodenum	duodenum
dynamic	dynamisch	 dynamik
dynamite	dynamit
dynamo	dynamo
dyslexia	legasthenie	 dyslexie
dysprosium	dysprosium
dystopia	mätopie	 gegenutopie	 dystopie	 anti-utopie
echidna	echidna
echo	tastaturecho	 widerhall	 wiederholen	 echo	 bildschirmecho	 widerhallen
eclipse	mondfinsternis	 eklipse	 finsternis	 sonnenfinsternis
ecstasy	ecstasy	 ekstase
ectoplasm	ektoplasma
ecuador	ecuador
edelweiss	edelweiß
effect	effekt
effendi	effendi	 efendi
ego	ego
egoism	egoismus
eider	eiderente	 eider
einsteinium	einsteinium
ejaculation	ejakulation
elan	elan
elative	elativ
electromagnet	elektromagnet
electromagnetism	elektromagnetismus
elegant	elegant
element	element
elf	elf	 elfe
elimination	elimination
elite	elitär	 elite
elitist	elitist	 elitär
ellipse	ellipse
ellipsoid	ellipsoid
eloquence	eloquenz
eloquent	eloquent
else	else
embargo	handelsverbot	 embargo	 verbot
embryo	embryo
emergence	emergenz
emigrant	emigrant
emir	emir
emirate	emirat
emission	ausstoß	 emission
emotion	emotion
emotional	emotional
emu	emu
emulsion	emulsion
encapsulation	encapsulation
encephalitis	enzephalitis
encoder	encoder
endogamy	endogamie
england	england
ensemble	ensemble
enteritis	enteritis
entertainer	unterhalter	 entertainer
enthusiasm	enthusiasmus
enthusiastic	enthusiastisch	 begeistert
entomology	insektenkunde	 entomologie
enzyme	enzym
epidemic	epidemie	 epidemisch
epidermis	epidermis
epiglottis	epiglottis
epigram	epigramm
epilepsy	epilepsie
epilogue	epilog
epinephrine	epinephrin
episode	episode
epitaph	epitaph
epithet	epitheton
epoch	epoche
eponym	eponym	 namensgeber
equator	äquator
equatorial	äquatorial
equivalent	entsprechung	 äquivalent	 äquivalent	 gleichwertig
erbium	erbium
eremite	eremit
ergonomic	ergonomisch
ergonomics	ergonomie
eruption	eruption
erythema	erythem
escalation	eskalation
esperanto	esperanto
espionage	spionage
espresso	espresso
esprit	esprit
essay	essay	 versuch
ester	ester
esther	ester	 esther
etatism	etatismus
ethane	ethan
ethanol	ethanol
ether	ether	 äther
ethnology	ethnologie
etymology	etymologie
eucalyptus	eukalyptus
eunuch	eunuch
euphemism	euphemismus
euphoria	euphorie
eureka	heureka
euripides	euripides
europe	europa
europium	europium
euthanasia	euthanasie
evangelical	evangelisch	 evangelikal
evangelist	evangelist
evolution	evolution
evolutionary	evolutionär
evolutionism	evolutionismus
exception	exception
exedra	exedra
exegesis	exegese
exhibitionism	exhibitionismus
exhibitionist	exhibitionistisch	 exhibitionist
exile	exil	 exilant
existence	existenz
existent	existent	 existierend
existential	existentielle
existentialism	existentialismus
existentialist	existentialist
exobiology	exobiologie
exodus	exodus
exoskeleton	exoskelett
experiment	experimentieren	 experiment
experimental	experimentell
expert	experte
expertise	expertise
explosion	explosion
explosive	explosiv
exponential	exponentiell
export	exportgut	 exportieren	 exportware	 export
exporter	exporteur
expose	exposé
expressionism	expressionismus
external	extern
extraterrestrial	extraterrestrisch
extravagant	extravagant
extreme	extrem	 extrem
extremism	extremismus
extremist	extremist	 extremistisch
extremity	extremität
exuberance	überschwänglichkeit	 überfluss	 exuberanz
facet	facette
fair	jahrmarkt	 fair
fakir	fakir
falchion	falchion
fall	fallen	 fall
fallout	fallout
falsetto	falsett
fan	fan
fanfare	fanfare
fanny	fanny
farce	farce
farm	farm
fascination	faszination
fatalism	fatalismus
fatalistic	fatalistisch
faun	faun	 faunus
fauna	fauna
favorite	favorit
fax	fax	 faxen
feature	charakteristikum	 sonderbeitrag	 eigentümlichkeit	 besonderheit	 feature
february	feber	 februar
federalism	föderalismus
felix	felix
fellatio	fellatio
feminine	feminin
feminism	feminismus
feminist	feministisch	 feminist	 feministin
femur	femur
fennec	fennek
fermata	fermate
fermentation	fermentation
fermium	fermium
ferrite	ferrit
ferromagnetism	ferromagnetismus
festival	festival
feudal	feudal
feudalism	feudalismus
fiasco	fiasko
figure	figur
filibuster	freibeuter	 filibustern
film	film	 filmen
filter	filter	 filtern	 filtrieren
filtrate	filtrat	 filtrieren
final	abschlussprüfung	 finale
finale	finale
financier	finanzier	 financier
finesse	finesse
finger	finger
finn	finnin	 finne
firm	firma
fjord	fjord
flag	flagge	 flag
flageolet	flageolett
flair	flair
flamenco	flamenco
flamingo	flamingo
flanders	flandern
flank	flanke	 flankieren
flashback	flashback
flatulence	flatulenz
fleck	fleck
flexibility	flexibilität
float	float	 floß
flop	flop
flora	flora
florist	floristin	 florist	 blumenhändler
fluctuation	fluktuation
fluid	fluid
fluke	flunke	 fluke
folklore	folklore
fondue	fondue
fontanelle	fontanelle
for	für
fork	fork	 forke
formal	form-	 formal	 formell	 förmlich
formaldehyde	formaldehyd
formalism	formalismus
format	format	 formatieren
fort	fort
forte	forte
forum	forum
fossil	fossil
foul	foulte	 foul	 foulen	 faul
foyer	foyer
fragile	fragil
fragment	fragmentieren	 satzfragment	 fragment
fragmentary	fragmentarisch
frame	frame
franc	franken	 franc
franchise	franchise
francium	francium
frankfurt	frankfurt
frequency	frequenz
frisbee	frisbee
frivolity	frivolität
front	front	 wetterfront	 frontseite	 frontmann	 frontlinie
frost	frost
fructose	fructose	 fruchtzucker
fuchsia	fuchsie
fuhrer	führer
fulminant	fulminant
functional	funktional	 funktions	 funktionell	 funktions
fundamental	grundlage	 fundamental	 grundlegend
fundamentalism	fundamentalismus
fundamentalist	fundamentalist
funk	funk
future	zukunft	 futur
futurism	futurismus
futuristic	futuristisch
gabardine	gabardine
gabriel	gabriel
gadolinium	gadolinium
gag	gag
gallium	gallium
gallon	gallone
gamma	gamma
gamut	gamut
ganges	ganges
ganglion	ganglion
gangster	gangster
ganymede	ganymed
garage	garage
garniture	garnitur
gas	gas
gastritis	gastritis
gastroenterology	gastroenterologie
gastronomy	gastronomie
gaucho	gaucho
gay	gay
gazelle	gazelle
gecko	gecko
geek	geek	 freak
geisha	geisha
gel	gel
gelatine	gelatine
gelee	gelee
genealogist	genealogin	 genealoge
genealogy	ahnentafel	 genealogie
general	general	 generell	 allgemein
generalissimo	generalissimus
generosity	edelmut	 generosität
genesis	genesis	 genese
genitalia	genitalien
genitive	genitiv	 genitivisch
genome	genom
genotype	genotyp
genre	genre
gentrification	gentrifizierung	 gentrifikation
genuine	genuin	 original
geography	geographie
geologist	geologin	 geologe
geometry	geometrie
geophysics	geophysik
geopolitics	geopolitik
george	georg
gerald	gerald
german	germanin	 germane
germanium	germanium
gerontology	gerontologie
geyser	geysir
ghana	ghana
ghetto	ghetto	 getto
gibbon	gibbon
gibraltar	straße von gibraltar	 gibraltar
gigantism	gigantismus
gigolo	gigolo
gin	gin
giraffe	giraffe
gladiator	gladiator
gladiolus	gladiole
glandular	glanduläre
glasgow	glasgow
glass	glas
glimmer	glimmern
global	global
glockenspiel	glockenspiel
glossary	glossar
glottis	glottis
glutamine	glutamin
gluten	gluten
glyph	glyphe
gneiss	gneis
gnome	gnom
gnu	gnu
goalie	goali	 goalie
gold	goldfarben	 goldmedaille	 gold	 goldmünze	 golden	 gülden
goldfish	goldfisch
golf	golf
goofy	goofy
googol	googol
gorilla	gorilla
gram	gramm
granite	granit
grapefruit	grapefruit
graph	funktionsgraph	 graph
graphic	graphik	 graphisch
graphite	graphit
grass	rasen	 gras
gratis	gratis
gravitation	gravitation
graviton	graviton
grenada	grenada
grill	grillen	 grill
grind	grinden
grommet	grommet
groschen	groschen
gross	gros	 grob
grotto	grotte
guam	guam
guanaco	guanako
guanine	guanin
guano	guano
guatemala	guatemala
guernsey	guernsey
guillotine	guillotine	 papierschneider
guinea	guinea
guru	guru
guyana	guyana
gymnasium	fitnessstudio	 gymnasium	 gymnastikraum
gymnastics	gymnastik
habit	habitus
habitat	habitat
hadron	hadron
hafnium	hafnium
haiku	haiku
haiti	haiti
haitian	haitianerin	 haitianisch	 haitianer
hall	halle	 saal
hallelujah	halleluja
halloween	halloween
hallucination	sinnestäuschung	 halluzination	 wahnvorstellung	 illusion
hallucinogen	halluzinogen
halogen	halogen
halt	anhalten	 rasten	 halt	 halteplatz	 haltestelle
halva	halva
hamburg	hamburg
hamburger	rindermett	 hamburger
hamlet	hamlet
hammer	hammer
hamster	hamster
hand	handlanger	 handvoll	 reichen	 hand
handball	handball	 handspiel
handstand	handstand
hangar	hangar
hanoi	hanoi
hansel	hänsel
hanukkah	chanukka
hardware	hardware	 eisenwaren
hash	hash	 haschee	 hasch
hast	hast
hat	hut
havana	havanna
hawaiian	hawaiianisch
headhunter	headhunter
hedonism	hedonismus
hedonist	hedonist
hedonistic	hedonistisch
hegemonic	hegemonisch
hegemony	hegemonie
helen	helene
helicopter	helikopter
helium	helium
hellenistic	hellenistisch
hemisphere	hemisphäre
hemoglobin	hämoglobin
henry	henry
herbarium	herbarium
herd	hirte	 hirt	 herde
hermaphrodite	zweigeschlecht	 hermaphrodit	 hermaphroditisch
hermeneutics	hermeneutik
hernia	hernie
heroin	heroin
heroine	heroine
herpes	herpes
herpetology	herpetologie
heterosexual	heterosexuell	 heterosexuelle
heterosexuality	heterosexualität
heuristic	heuristisch
hexadecimal	hexadezimal	 hexadezimalsystem	 sedezimalsystem
hierarchy	hierarchie
hieroglyphic	hieroglyphisch
hijack	hijacken
himalayas	himalaya
hinder	behindern	 hinter	 hindern	 hintern
hindi	hindi
hippie	hippie
hippocrates	hippokrates
hirsutism	hirsutismus
hit	hit
hobbit	hobbit
hobby	hobby
hockey	eishockey	 hockey
hollywood	hollywood
holmium	holmium
holocaust	holocaust
hologram	hologramm
holster	holster
homo	homo
homograph	homograph
homologous	homolog
homonym	homonym
homophone	homofon	 homophon
homosexual	homosexueller	 homosexuell	 homosexuelle
homosexuality	homosexualität
honduran	honduranisch	 honduranerin	 honduraner
honduras	honduras
hone	honen
hooligan	hooligan
horde	horde
horizon	horizont
horizontal	horizontal
hormone	hormon
horn	waldhorn	 horn	 jagdhorn
horologist	horologin	 horologe
horrendous	horrend
horror	horror
hotel	hotel
hotelier	hotelier
hovercraft	hovercraft
hub	hub
hubris	überheblichkeit	 hybris
huh	häh
hulk	muskelprotz	 muskelmann	 hulk	 holk	 muskelpaket
humane	menschlich	 human
humanism	humanismus
humanity	humanität	 menschlichkeit	 menschheit
humidor	humidor
humor	humor
humus	humus
hunger	hunger	 hungern
husky	husky
hybrid	hybrid
hydra	hydra
hydrate	hydrat
hydraulics	hydraulik
hydrocephalus	hydrozephalus	 hydrocephalus
hydrodynamics	hydrodynamik
hydrography	hydrographie
hydrophobic	hydrophob
hygiene	hygiene
hymn	hymne
hyperbola	hyperbel
hyperbole	hyperbel
hyperbolic	hyperbolisch
hyperinflation	hyperinflation
hypnotherapy	hypnotherapie
hypochondria	hypochondrie
hypochondriac	hypochonder	 hypochondrisch
hypotenuse	hypotenuse
hypothesis	hypothese
ichthyology	ichthyologie
icon	ikone	 icon
ideal	ideell	 idealzustand	 ideal	 ideal
idealism	idealismus
idealist	idealist
idealistic	idealistisch
identity	identität	 gleichheit
ideogram	ideogramm
ideologic	ideologisch
ideologist	ideologe	 ideologin
ideology	ideologie
idiom	idiom
idiomatic	idiomatisch
idol	idol
idolatry	idolatrie
ignorance	ignoranz
ignorant	ignorant
illegal	illegal
illusion	sinnestäuschung	 wahnvorstellung	 illusion
illustration	illustration
illustrator	illustrator
image	image	 image
imagination	imagination
imitation	imitation	 imitat
immense	immens
immersion	immersion
immobility	immobilität
immune	immun
immunity	immunität
impala	impala
impedance	impedanz
imperial	imperial
imperialism	imperialismus
imperialistic	imperialistisch
implant	einpflanzen	 implantat
implement	vollziehen	 implementieren
import	import	 importware	 importgut	 importieren
importer	importeur
impressionism	impressionismus
impressionist	impressionist
impromptu	impromptu
improvisation	improvisation
inauguration	inauguration
incarnation	inkarnation
incompetent	inkompetent
inconsistent	inkonsistent
incubus	incubus
index	index	 indizieren
indian	indianer	 indianerin	 inderin	 indianisch	 indisch	 inder
indigo	indigofarben	 indigo
indiscretion	indiskretion
indium	indium
individual	individuum
individualism	individualismus
indonesia	indonesien
indonesian	indonesier	 indonesiere	 indonesierinnen	 indonesierin	 indonesisch	 indonesische	 indonesisch
industrial	industrie	 industriell
industry	industrie
infantilism	infantilismus
infarct	infarkt
infinitive	infinitiv
infix	infix
inflation	inflation
influenza	influenza
informant	informant
information	information
infrastructure	infrastruktur
ingestion	ingestion
ingredient	bestandteil	 ingredienz
inguinal	inguinal
inhalation	inhalation
inhumane	unmenschlich	 inhuman
initiative	initiative
initiator	initiator
innovative	innovativ
insect	insekt
insolvency	insolvenz
inspiration	einatmung	 inspiration
institute	initiieren	 institut	 instituieren
institution	institution
instrument	meßinstrument	 musikinstrument	 instrument	 dokument
instrumental	instrumental-kasus
insulin	insulin
insurgent	insurgent
integral	integral	 integral
integration	integration
integrity	integrität
intelligence	intelligent	 intelligenz
intelligent	intelligent
intensity	intensität
interaction	interaktion
interest	interessieren	 interesse
interested	interessiert
interference	interferenz
interferon	interferon
international	international
internationalism	internationalismus
internee	internierte
interplanetary	interplanetarisch
interpolation	interpolation
interpretation	interpretation
intersexuality	intersexualität
intervene	intervenieren
intervention	intervention
interview	interviewen	 interview
intolerance	intoleranz
intolerant	intolerant
intransigent	intransigent
intransitive	intransitiv
intrinsic	intrinsisch
intro	intro
intrusive	intrusiv
intuitive	intuitiv
invasion	invasion
investor	investor
ion	ion
iowa	iowa
iran	iran
iridium	iridium
iris	schwertlilie	 iris
irrational	irrational
irregular	irregulär
irrelevance	irrelevanz
irrelevant	irrelevant
irreparable	irreparabel
irreversible	irreversibel
irrigation	irrigation
islam	islam
isolation	isolation
isolationism	isolationismus
isometric	isometrisch
isometry	isometrie
isomorphism	isomorphismus
isotope	isotop
isotopic	isotop
isotropic	isotrop
israel	israel
israeli	israelisch
istanbul	istanbul
jackson	jackson
jaguar	jaguar
jakarta	jakarta
jamaica	jamaika
january	jänner	 januar
janus	janus
japan	japan
jasmine	jasmin
jason	jason
java	java
jazz	jazz
jeans	jeans	 jeanshose
jeep	jeep
jejunum	jejunum
jeremiah	jeremia	 jeremias
jerusalem	jerusalem
jesus	jesus
job	job	 jobben
jockey	jockey
jockstrap	sportsuspensorium	 suspensorium	 jockstrap
joint	joint
joker	joker	 spaßvogel
jonah	jonas	 jona
jonathan	jonathan
jordan	jordan	 jordanien
joseph	joseph	 josef
joule	joule
journal	journal
journalism	journalismus
journalist	journalist
jovial	jovial
judas	judas
judith	judit	 jehudit	 judith
judo	judo
jukebox	musikbox	 jukebox
junkie	drogenabhängiger	 junkie
junta	junta
jupiter	jupiter
jurisprudence	jurisprudenz	 rechtsprechung
kabuki	kabuki	 kabukitheater
kaftan	kaftan
kanji	kanji
kappa	kappa
karate	karate
karst	karst
kelvin	kelvin
keratin	keratin
keyboard	keyboard
kilogram	kilogramm
kimono	kimono
kindergarten	kindergarten
kindergartner	kindergärtnerin	 kindergartenkind	 kindergärtner
kiosk	kiosk
kitsch	kitschig
kiwi	kiwi
kleptomania	kleptomanie
knackwurst	knackwurst
koala	koala
kohlrabi	kohlrabi
kopek	kopeke
korea	korea
korean	koreaner	 koreanisch	 koreanere	 koreanerinnen	 koreanerin	 koreanisch
kremlin	kreml
krypton	krypton
kulak	kulak
kumquat	kumquat
kuwait	kuwait
labia	labia
laboratory	laboratorium	 labor
labyrinth	labyrinth
lacrosse	lacrosse
lager	lager
lama	lama
lamia	lamia
lamp	öllampe	 lampe
land	landen	 land
lanthanum	lanthan
laos	laos
laptop	laptop
lasagna	lasagne
laser	laser
latent	latent	 anhaltend
latino	latino
latrine	latrine
laudanum	laudanum
lava	lava
lavender	lavendel
lawrencium	lawrencium
lax	lax
lazarus	lazarus
lebanese	libanesisch	 libanese	 libanesin
lebanon	libanon
led	led
legal	legal
legality	legalität
legato	legato
legend	legende
legendary	legendär
legitimate	legitim
leipzig	leipzig
leitmotif	leitmotiv
lemma	lemma
lemming	lemming
lemonade	limonade
lemur	lemur	 lemure
lenin	lenin
leninism	leninismus
leopard	leopard	 pardel	 pard	 parder
lepton	lepton
level	eben	 level
levi	levi
liaison	liaison
liberalism	liberalismus
liberia	liberia
liberian	liberianerin	 liberianisch	 liberianer
libertarianism	libertarismus
libido	libido
liechtenstein	liechtenstein
lift	lift
ligature	ligatur
lilac	zartlila	 zartlila	 lila	 lilafarbig
lima	lima
limbo	limbo
linden	linde
linguist	linguist
linguistics	linguistik	 sprachwissenschaft
link	hyperlink	 link
linker	linker
liquidity	liquidität
list	liste
literature	literatur
lithium	lithium
lithography	lithographie
lithosphere	lithosphäre
live	direkt	 live
llama	lama
lock	blockieren	 locke
loganberry	loganbeere
logarithm	logarithmus
logarithmic	logarithmisch
logistics	logistik
logo	logo
logotype	logotyp	 ligatur
lollipop	lollipop	 lolli
london	london
lord	lord
lotion	lotion
lotus	lotos	 lotus	 lotosblume
lumbago	lumbago	 lumbalgie
lunar	lunar
lunarian	lunarianerin	 lunarianer
lunch	lunch	 lunchen
lunette	lunula	 lunette
lung	lunge
lupin	lupine
lupine	lupine
lust	wollust	 lust
luster	lüster
lutetium	lutetium	 cassiopeium
lymph	lymphe
lysine	lysin
machete	machete
macho	machomäßig	 macho
macron	makron	 macron
madrid	madrid
mafia	mafia
mafioso	mafioso
magazine	magazin
magdalene	magdalena
magenta	magenta
magnesium	magnesium
magnet	magnet
magnetism	magnetismus
magnolia	magnolie
main	main
mainstream	mainstream
maisonette	maisonette	 maisonettenwohnung
malaria	malaria
malawi	malawi
malayalam	malayalam
malaysia	malaysia
mali	mali
malta	malta
maltese	maltesisch	 malteser	 malteserin	 maltesisch
mamba	mamba
mambo	mambo
management	leitung	 management
mandarin	mandarin
mandate	mandat
mandolin	mandoline
mango	mango	 mangobaum
manifest	manifest	 manifestieren	 manifest
manifestation	manifestation
manifesto	manifest
manila	manila
manitoba	manitoba
manna	manna
mannequin	mannequin
manometer	manometer
mantra	mantra
manual	manual	 manuell
maoism	maoismus
maoist	maoist	 maoistisch
marathon	marathon
margarine	margarine
marinade	marinade	 marinieren
marionette	marionette
mark	mark	 markus	 markieren
marmoset	marmosette
mars	mars
marshmallow	marshmallow
martha	marta	 martha
martial	martial
martin	martin
martini	martini
marx	marx
marxism	marxismus
marzipan	marzipan
mascara	mascara
maser	maser
mask	maske	 maskieren
masochism	masochismus
masochist	masochist
masochistic	masochistisch
massage	massieren	 massage
masseur	masseur	 masseurin
mast	mast
masturbation	masturbation	 onanie	 selbstbefriedigung
matador	matador
material	material	 materiell
materialism	materialismus
materialization	materialisation
mathematics	mathematik
matinee	matinee
matrix	matrix
mausoleum	mausoleum
maximal	maximal
maximum	maximum
mayonnaise	majo	 majonäse	 mayonnaise
mechanics	mechanik
mechanism	mechanismus
median	median
medication	medikation
mediterranean	mediterran
medium	medium
meerschaum	meerschaum
megaphone	megaphon	 megafon
melancholic	melancholisch
melancholy	melancholie	 melancholisch
melanesia	melanesien
melange	melange
melanoma	melanom
melbourne	melbourne
melodrama	melodrama
melodramatic	melodramatisch
melon	melone
membrane	membran	 membrane
memo	memo
memorandum	memorandum
mendelevium	mendelevium
menhir	menhir
mennonite	mennoniten
menorah	menora
menstruation	menstruation
mental	mental
menthol	menthol
mentor	mentor
mess	messe
metabolism	metabolismus
metal	metall
metallurgy	metallurgie
metamorphosis	metamorphose
metaphor	metapher
metaphysics	metaphysik
metastasis	metastase
metempsychosis	metempsychose
meteor	meteor
meteorite	meteorit
meteorologist	meteorologe
meteorology	meteorologie
meter	meter
methane	methan
method	methode
methodology	methodologie
metier	metier
metonymy	metonymie
metro	metro
mexico	mexiko
michael	michael
microorganism	mikroorganismus
migrant	migrant
migration	migration
mild	mild
milieu	milieu
militarism	militarismus
millennium	millennium
miller	mueller	 müller
million	million
minaret	minarett
mine	verminen	 mine
mineralogy	mineralogie
minimal	minimal
minimalist	minimalist	 minimalistisch
minimum	minimum
minister	ministerin	 minister
minorca	menorca
minster	münster
minuend	minuend
minus	minus	 minus
minute	minute	 moment
misinterpretation	fehlinterpretation
missouri	missouri
mitochondrion	mitochondrium	 mitochondrion
mobile	mobil
modal	modal
mode	mode
model	modellieren	 model	 modell
modem	modem
moderate	moderieren	 moderat
modern	modern
modification	modifikation
modular	modular
module	modul
mole	mal	 mole	 muttermal	 mull	 mol
moment	moment	 zeitpunkt
momentum	moment
monaco	monaco
monarch	monarch	 monarchin
monarchy	monarchie
monetarism	monetarismus
mongolian	mongolisch	 mongolisch	 mongolin	 mongole
mongolism	mongolismus
monism	monismus
monitor	monitor
monochrome	monochrom
monogamous	monogam
monogamy	monogamie
monogram	monogrammieren	 monogramm
monologue	monolog
monopolist	monopolist
monopolistic	monopolistisch
monopoly	monopoly
monotheism	monotheismus
monotheistic	monotheistisch
monster	monster
monstrance	monstranz
montevideo	montevideo
montreal	montreal	 montréal
monument	denkmal	 monument
moor	moor	 mohr
mop	mopp	 moppen	 mop
moral	moralisch	 moral
morale	moral
moralism	moralismus
moratorium	moratorium
morpheme	morphem
morphology	morphologie
mosaic	mosaik
moses	moses	 mose
motel	motel
motivation	motivation
motive	motiv
motor	motor
mozzarella	mozzarella
mudra	mudra
muffin	muffin
mufti	mufti
mulch	mulchen
mullah	mulla	 mullah	 molla
multilateral	multilateral
multimedia	multimedia
multiplex	multiplexen
multiplexer	multiplexer
multiplication	multiplikation
mumps	mumps
munster	münster
muse	muse
museum	museum
musical	musical
musket	muskete
muslim	muselmanisch	 muslimin	 muselmane	 muselmanin	 muslima	 muslim	 muslimisch	 moslemisch	 moslem
mutagen	mutagen
mutant	mutante
mutation	mutation
myriad	myriade	 myriaden
myrrh	myrrhe
mythology	mythologie
mythos	mythos
nadir	nadir
nahuatl	nahuatl
naive	naiv
name	name
naphthalene	naphthalin
nation	nation
nationality	nationalität
nato	nato
nature	natur
navajo	navajo
navigation	navigation
nazi	nazi
nazism	faschismus	 nazismus
negation	negierung	 negation
negative	negativ
negligee	negligee	 negligé
nehemiah	nehemia
neologism	neologismus
neon	neon
neonatology	neonatologie
neoplasm	neoplasma	 neoplasie	 blastom
neoprene	neopren
nepal	nepal
nepotism	nepotismus
neptune	neptun
neptunium	neptunium
nerd	nerd
nerve	nerv
nest	nest
netsuke	netsuke
networking	networking	 vernetzung
neurology	neurologie	 nervenkunde
neuron	neuron
neutral	neutral	 neutraler
neutrality	neutralität
neutrino	neutrino
neutron	neutron
newton	newton
nicaragua	nicaragua
nicaraguan	nicaraguaner	 nicaraguanerin	 nicaraguanisch
nickel	nickel
nigeria	nigeria
nigerian	nigerianer	 nigerianisch	 nigerianerin
nihilism	nihilismus
nihilist	nihilistin	 nihilist
nipple	nippel
nirvana	nirvana	 nirwana
nitrile	nitril
nitroglycerine	nitroglyzerin
noah	noah	 noach
nobelium	nobelium
nominative	nominativ
nonagon	nonagon
nonchalance	nonchalance
nonchalant	nonchalant
nonconformism	nonkonformismus
nonconformist	nonkonformistisch	 nonkonformist
nonsense	unsinn	 nonsens	 blödsinn
norm	norm
normal	normal
normandy	normandie
normative	normativ
nostalgia	nostalgie
nougat	nougat
nous	nous
novelist	novellist
novella	novelle
november	november
novice	novize
nuance	nuance
nudism	nudismus
numerology	numerologie
nylon	nylon	 nylonstrumpf
nymph	nymphe
obelisk	obelisk
object	objekt
oboe	oboe
obscurantism	obskurantismus
observatory	sternwarte	 observatorium
obsolete	obsolet
ocarina	okarina
ocelot	ozelot
octane	octan
october	oktober
octopus	oktopus
ode	ode
odessa	odessa
odyssey	odyssee	 odysee
oesophagus	ösophagus
offer	offerte
ogive	ogive
ohm	ohm
okapi	okapi
oleander	oleander
oligarchy	oligarchie
olive	olive
olivine	olivin
olympiad	olympiade
olympus	olymp
ombudsman	ombudsmann
omega	omega
omelette	omelett
omen	omen
omnibus	omnibus	 bus
omnipresent	omnipräsent	 allgegenwärtig
onomatopoeia	onomatopöie	 onomatopoese
ontology	ontologie
onyx	onyx
opal	opal
opera	oper
operation	operation
operator	operator
opiate	opiat
opium	opium
opportunism	opportunismus
opportunist	opportunistin	 opportunist
opportunistic	opportunistisch
opposition	opposition
optimism	optimismus
optimist	optimist
optimistic	optimistisch
optimum	optimum
optional	optional
optometric	optometrisch
optometrist	optometrist
optometry	optometrie
opulent	opulent
oral	oral
orange	orange	 orange	 orangenbaum
orangeade	orangenlimonade	 orangeade
orbit	orbit	 umkreisen
orbital	orbital
orc	orc
orchid	orchidee
order	ordnungszahl	 order	 ordnen	 anordnen	 orden	 ordnung	 ordern
oregano	oregano	 wilder majoran
organ	orgel	 organ
organelle	organell	 organelle
organism	organismus
organization	organisation
orgasm	orgasmus
orient	orient	 orientieren
oriental	orientale	 orientalisch
origami	origami
original	originell	 ursprünglich	 original
originality	originalität
orion	orion
ornithologist	ornithologe
ornithology	ornithologie
orthodox	orthodox
orthodoxy	orthodoxie
orthography	orthographie	 orthografie
oslo	oslo
osmium	osmium
osteoporosis	osteoporose
otter	otter
ouzo	ouzo
ovary	ovar
ovation	ovation
overall	overall	 insgesamt
ovulation	ovulation
oxford	oxford
oxymoron	oxymoron
page	page
pagoda	pagode
pakistan	pakistan
pakistani	pakistani	 pakistanerin	 pakistanisch	 pakistaner
palette	farbpalette	 palette
palimpsest	palimpsest
palindrome	palindrom
palisade	palisade
palladium	palladium
panama	panama
panda	panda
pandemic	pandemisch	 pandemie
pandora	pandora
panel	panel
panorama	panorama
pantheism	pantheismus
pantheist	pantheist
pantheistic	pantheistich
panther	panther	 panter
pantomime	pantomime
papaya	papaya
papyrus	papyrusstaude	 papyrus	 echter papyrus
parade	parade
paradigm	paradigma
paradox	paradox	 paradoxon
paraguay	paraguay
paraguayan	paraguayerin	 paraguayisch	 paraguayer
parallax	parallaxe
parallel	parallel	 parallele
parallelogram	parallelogramm
paralysis	paralyse
paralytic	paralysieren	 paralytisch
parametric	parametrisch
paranoia	paranoia
paranoid	paranoide	 paranoid
parapsychology	parapsychologie
parasitism	parasitismus
paris	paris
park	park	 parken
parmesan	parmesankäse	 parmesan
paroxysm	paroxysmus
parsec	parsec
parthenogenesis	parthenogenese
partisan	partisane	 partisan
partner	partner	 partnerin
party	partei	 party
parvenu	parvenühaft	 parvenü	 emporkömmling
passage	passage	 passus
passion	passion
password	passwort	 codewort
paste	paste	 kleister
pastiche	pastiche
pastille	pastille
pastrami	pastrami
patent	patentieren	 patent	 patentieren lassen
pathologic	pathologisch
pathologist	pathologe
pathology	pathologie
patient	patient
patina	patina
patio	patio
patriarch	patriarch
patriot	patriot
patriotic	patriotisch
patriotism	patriotismus
paul	paul	 paulus
pause	pause	 pausieren
pedal	pedal
pedant	pedant	 pedantin
pederast	päderast
pedestal	postament	 piedestal	 podest
pedophile	pädophil
pedophilia	pädophilie
pegasus	pegasos
pejorative	pejorativum
peking	peking
penguin	pinguin
penicillin	penicillin
penis	penis
penny	penny
pension	pensionieren	 in den ruhestand versetzen	 pension
pentagon	pentagon
pepsin	pepsin
perfect	perfektionieren	 perfekt
perfection	perfektion	 vollkommenheit
perfectionism	perfektionismus
perfectionist	perfektionist
perihelion	perihel
perineum	perineum
peristalsis	peristaltik
perm	perm
permafrost	permafrostboden
permanent	permanent	 beständig
persiflage	persiflage
person	personen	 person
personnel	personal
perspective	perspektive
peru	peru
pessimism	pessimismus
pessimist	pessimist
pessimistic	pessimistisch
peter	petrus	 petr	 peter
petting	petting
petunia	petunie
pfennig	pfennig
phallus	phallus
phantasmagoria	phantasmagorie
phantom	phantom
pharaoh	pharao
pharynx	pharynx
philanthropic	philanthropisch
philanthropist	philanthrop
philatelist	philatelist
philately	philatelie
philip	philipp
philippines	philippinen
philologist	philologin	 philologe
philosopher	philosoph
philosophy	philosophie
phlegmatic	phlegmatisch
phobia	phobie
phoneme	phonem
phonetics	phonetik
phonology	phonologie	 phonemik
phosphorus	phosphor
photographer	fotograf	 photograph
photon	photon
photophobia	photophobia
photosynthesis	photosynthese
phrase	phrase
physiologist	physiologin	 physiologe
physiology	physiologie
pianist	klavierspieler	 pianist	 klavierspielerin	 pianistin
piano	piano	 piano
pier	pfeiler	 pier	 brückenpfeiler
pietism	pietismus
pike	pike
pill	pille
pilot	pilot	 lotsen	 lotse
pin	pin-nummer	 pin	 pin-code
pink	pink
pint	pint
pion	pion
pipet	pipettieren	 pipette
pipette	pipette
piranha	piranha
pirate	pirat
piss	pisse	 pissen
pistol	pistole
pita	pita
pixel	pixel
pizza	pizza
placebo	placebo	 plazebo
plan	planen	 plan
planet	planet
planetoid	planetoid
plank	planke
plankton	plankton
plaque	plaque
plasma	plasma
plastic	plastikgeld	 plastik	 plastisch
plateau	plateau
platform	plattform
platinum	platin
plato	platon
playboy	playboy
plenary	plenar-
plural	pluralisch	 plural
pluralism	pluralismus
plus	plus
plutarch	plutarch
pluto	pluto
plutonium	plutonium
pneumonia	pneumonie	 lungenentzündung
podium	podium	 podien
poet	poet
pogrom	pogrom
poker	poker
polar	polar
pole	polin	 pole	 pol
pollen	pollen
polo	polo
polonaise	polonäse	 polonaise
polonium	polonium
poltergeist	poltergeist
polyester	polyester
polyethylene	polyethylen
polygamous	polygam
polyglot	polyglotter	 polyglotte
polygon	polygon
polymer	polymer
polynesia	polynesien
polynomial	polynom
polyp	polyp
polytheism	polytheismus
polytheist	polytheist
polytheistic	polytheistisch
pomade	pomade
pomp	pomp
popcorn	popcorn
popular	populär
popularity	popularität
population	population
populism	populismus
populist	populistisch	 populist
pore	pore
porn	porno
porno	pornografie	 porno
pornographer	pornograf	 pornograph	 pornographin
pornographic	pornographisch
port	port	 portwein
portrait	porträt	 portrait
portugal	portugal
portuguese	portugiese	 portugiesisch	 portugiesisch	 portugiesin
pose	pose	 posieren
position	position	 positionieren
positive	positiv	 positivfilm	 positiv
positron	positron
post	pfosten	 post	 posten
posthumous	posthum	 postum
postulate	postulat	 postulieren
potentate	potentant
potential	potential
potentiometer	potentiometer
potpourri	potpourri
pragmatic	pragmatisch
praline	praline
praseodymium	praseodym
premiere	premiere
preposition	präposition
presbyterian	presbyterianisch
presentation	präsentation
press	presse	 druckerpresse
prevention	prävention
priest	priester	 pfarrer
primate	primat
primitive	primitiv
primogeniture	primogenitur
prior	prior
priority	priorität
prism	prisma
private	privat
privilege	privileg	 privilegieren
problem	problem
problematic	problematisch
product	reaktionsprodukt	 produkt
production	produktion
professional	professionell	 berufsmäßig	 professionelle	 profi
professor	professor	 professorin
profit	profit
profitable	profitabel
profiteer	profitmacher	 profiteur
program	programm	 programmieren
progressive	fortschrittlich	 progressiv
prohibition	verbot	 prohibition	 alkoholprohibition
project	projekt	 projizieren
proletarian	proletarisch	 proletarier	 proletarierin
promenade	promenade
promethium	promethium
prominent	prominent
propaganda	propaganda
propane	propan
propeller	propeller
prophet	prophet	 prophetin
proportion	proportion
prostitute	prostituieren	 hure	 prostituierte
prostitution	prostitution
prostyle	prostylos
protactinium	protactinium
protagonist	protagonist	 protagonistin
protege	protegé
protein	protein
protest	protest	 protestieren
protestant	protestant	 protestantin
protestantism	protestantismus
protist	protist
prototype	prototyp
protuberance	protuberanz
provence	provence
provocation	provokation
psalm	psalm
pseudonym	pseudonym
psyche	psyche
psychedelic	psychedelisch
psychiatric	psychiatrisch
psychiatry	psychiatrie
psycho	psycho	 psychopath
psychoanalysis	psychoanalyse
psychokinesis	telekinese	 psychokinese
psychologist	psychologin	 psychologe
psychology	psychologie
psychometry	psychometrie
psychopath	psychopatin	 psychopath
psychopathy	psychopathie
psychosis	psychose
psychosomatic	psychosomatisch
psychotherapist	psychotherapeut
psychotherapy	psychotherapie
psychotic	psychotisch	 psychotiker	 psychotikerin
pudding	pudding
pullover	pullover
pulsar	pulsar
pulse	puls
puma	puma
pump	pumpen	 aufpumpen	 pumpe
punk	punk
pupil	pupille
puritan	puritanisch	 puritaner
putsch	putsch
puzzle	puzzle
pyjamas	schlafanzug	 pyjama
pylon	pylon
pyramid	pyramide
pyrite	pyrit
pyrolysis	pyrolyse
pyrotechnics	pyrotechnik
pythagoras	pythagoras
python	pythonschlange	 python
quacksalver	quacksalber
quadrant	quadrant
quadratic	quadratisch
quadrillion	billiarde	 quadrillion
qualification	qualifikation	 qualifizierung
qualitative	qualitativ
quantum	quant	 quantum
quark	quark
quartet	quartett
quasar	quasar
quebec	quebec	 québec
quetzal	quetzal
quilt	quilt
quintet	quintett
quintillion	quinquillion	 trillion	 quintillion
quito	quito
quiz	quiz
quotient	quotient
rachitis	rachitis
radar	radar
radio	radio
radioisotope	radioisotop
radiologist	radiologe	 radiologin
radiology	radiologie	 röntgenologie
radium	radium
radius	radius
radon	radon
rage	raserei	 rasen	 rage
ragout	ragout
rally	rallye
ramification	ramifikation
ramp	rampe
ranch	ranch
raphael	raphael
rapier	rapier
rapper	rapper
rate	rate
ratification	ratifizierung	 ratifikation
ration	rationieren	 ration
rationalism	rationalismus
reading	reading
real	real	 reell
realist	realist
realistic	realistisch
realpolitik	realpolitik
rebel	rebell	 rebellieren
rebellion	rebellion
rebus	rebus
recapitulation	rekapitulation
redundancy	redundanz
redundant	redundant
reform	reform	 reformieren
reformer	reformator	 reformer
refrain	refrain
regime	regime
regiment	regiment
regina	regina
region	region
regional	regional
regionalism	regionalismus
register	registrieren	 register
regular	regelmäßig	 regulär
reich	reich
reincarnation	reinkarnation
relation	relation
relative	relativ	 vergleichsweise
relatively	relativ
relativity	relativität
relevance	relevanz
relevant	relevant
religion	religion
remake	remake
renaissance	renaissancistisch	 renaissance
rendezvous	rendezvous
repertoire	repertoire
reportage	reportage
reporter	reporter
representative	repräsentativ	 repräsentant
repressive	repressiv
reptile	reptil
republic	republik
republicanism	republikanismus
requiem	requiem
reserve	reserve	 reserviertheit	 reservieren
reservoir	reservoir
resignation	resignation
resilience	elastizität	 resilienz
resolute	resolut
resolution	resolution
respect	respektieren	 respekt
rest	rest
restaurant	restaurant	 gaststätte
result	resultat
retainer	retainer
retina	retina
reunion	wiedervereinigung	 réunion
revers	revers
revisionism	revisionismus
revolt	revolte	 revoltieren
revolution	revolution
revolutionary	revolutionär	 revolutionär
revolutionize	revolutionieren
revolver	revolver
revue	revue
reykjavik	reykjavík
rhenium	rhenium
rheology	rheologie
rhetoric	rhetorik
rhodes	rhodos
rhodium	rhodium
rhododendron	alpenrose	 rhododendron
ribosome	ribosom
rind	rinde
ring	ring	 klingen	 klingeln
risotto	risotto
ritual	ritual
rival	rivale
robe	robe
robert	robert
robin	robin
robot	roboter
robust	robust
rock	felsblock	 schockieren	 rock	 felsbrocken	 rocken
roll	ausrollen	 rollen	 rolle	 grollen	 aufrollen	 rollen	 röllchen
romance	romanze
romeo	romeo
rontgen	röntgen
rose	rosa	 rose
rotation	rotation
rouge	rouge
roulette	roulette
route	route
router	router
routine	routine	 routinemäßig
rubidium	rubidium
rucksack	rucksack
ruin	ruin	 ruinieren	 ruine
rum	rum
ruth	ruth
ruthenium	ruthenium
rutherfordium	rutherfordium
sabotage	sabotage	 sabotieren
sack	sack
sadist	sadist
safari	safari
sago	sago
sahara	sahara
sake	sake
salamander	salamander
salami	salami
salmonella	salmonelle
salute	salut
samarium	samarium
samoan	samoaner	 samoanerin	 samoanisch
sampan	sampan
samuel	samuel
samurai	samurai
sanatorium	sanatorien	 sanatorium
sand	versanden	 sand	 sandfarbe	 sandstrand
sandal	sandale
sandbox	sandkasten	 sandkiste	 sandbox
sandwich	sandwich	 einzwängen
sanskrit	sanskrit
sapphism	sapphismus
sarah	sara
sardinia	sardinien
sashimi	sashimi
satan	satan
satanism	satanismus
satellite	satellit
satin	satin
satire	satire
saturn	saturn
sauerkraut	sauerkraut	 sauerkohl
sauna	saunieren	 sauna	 saunieren
savanna	savanne
saxophonist	saxophonist	 saxophonistin
scandal	skandal
scandium	scandium	 skandium
scenario	szenarium	 szenario
schematic	schematisch	 schemenhaft
schism	schisma
schizophrenia	schizophrenie
schizophrenic	schizophren
schlepp	schleppen
scimitar	scimitar
scorpion	skorpion
scrabble	scrabble
script	handschrift	 skript	 skriptum
scrotum	skrotum
sculpture	skulptur
seance	séance
secession	secession	 sezession
secretariat	sekretariat
segment	segmentieren	 segment
seismograph	seismograph	 seismograf
seismology	seismologie
seismometer	seismometer
selenology	selenologie
semester	semester
semiotics	semiotik
semite	semit	 semitin
senate	senat
senator	senator
sender	absender	 sender
seneca	seneca
senegal	senegal
senegalese	senegalesin	 senegalesisch	 senegalese
senile	senil
senility	senilität
sensation	sinneseindruck	 sensation
sensibility	sensibilität
sensor	sensor
sentimental	sentimental
sentimentality	sentimentalität
seoul	seoul
separate	separieren	 separat
separatism	separatismus
sepoy	sepoy
september	september
seraph	seraph
serb	serbisch	 serbin	 serbe
series	serie
serine	serin
serotonin	serotonin
server	server
service	service	 wehrdienst
sesame	sesam	 sesamsamen
set	festsetzen	 satz	 set	 setzen
seville	sevilla
sexism	sexismus
sextant	sextant
sexy	sexy
shampoo	schampus	 schamponieren	 schampu	 schampun	 shampoo	 schampon
shanghai	schanghaien	 schanghai
she	sie
shell	hülse	 schale	 shell	 eierschale
sheriff	sheriff
sherry	sherry
shortcut	shortcut
shorts	shorts
shoshone	shoshone
siam	siam
sibyl	sibylle
signal	signal	 signalisieren
significant	signifikant
sikh	sikh
silage	silage
silhouette	schattenriss	 silhouette
simon	simon
simulation	simulation
simulator	simulator
simultaneous	simultan
singapore	singapur
singer	sänger	 sängerin
single	junggesellin	 single	 singleauskopplung	 junggeselle	 single
singular	singular	 singulär
singularity	singularität
sinter	sintern
sinusitis	sinusitis
situation	zustand	 situation
skateboard	skateboard
sketch	sketch
ski	ski	 ski laufen
skiff	skiff
skunk	skunk
skyhook	skyhook
slogan	slogan
slum	slum
smog	smog
snack	snack
sniper	sniper
snob	snob
snooker	snooker
sock	socke
sodalite	sodalith
sofa	sofa
soffit	soffitte
sofia	sofia
software	software
soiree	soiree
solarium	solarium	 solarien
solid	solide
solidarity	solidarität	 unterstützung
solo	solo	 solo	 ein solo spielen
solomon	salomo
somalia	somalia
somnambulism	somnambulismus
sonar	sonar
sonata	sonate
song	song	 gesang
soprano	sopran
sorbet	sorbet
sorghum	sorghum
sorry	sorry
sort	sortieren	 sorte
souffle	soufflé
soul	soul
souvenir	souvenir
spaghetti	spaghetti	 spagetti
spaniel	spaniel
sparta	sparta
specialist	spezialist	 facharzt
speculation	spekulation
speed	speed
speleology	speleologie	 speläologie
sperm	sperma	 spermium
sphinx	sphinx
spinet	spinett
spitz	spitz
sponsor	sponsor
sport	sport	 sportsmann	 sportsfrau
spray	spray	 sprühnebel	 versprühen
spring	sprungfeder	 frühling	 entspringen	 springflut	 springen
stability	stabilität
stalin	stalin
stalinism	stalinismus
stalk	stolzieren	 einherstolzieren	 stalken
stalker	verfolger	 stalker
stall	stand	 stall
stampede	stampede
stand	stand	 stativ	 ständer	 standpunk	 aushalten	 zeugenstand
standard	standard	 standarte
standstill	stillstand
star	star	 stern	 prominenter
start	start
station	station
statistics	statistik
statue	statue
status	stand	 status
steak	beefsteak	 steak
steppe	steppe
steradian	steradiant
stereotype	stereotyp
stewardess	stewardess
still	still
stimulus	auslöseimpuls	 stimulus
stink	stinken	 gestank
stipend	stipendium
stollen	christstollen	 weihnachtsstollen	 stollen
stop	stoppball	 stopper	 stopfen	 stoppen	 stopp	 busstopp
strabismus	strabismus
strand	strand	 strähne	 strang
stratagem	strategem
strategy	strategie
stratosphere	stratosphäre
stress	beanspruchen	 stressen	 stress
striptease	striptease
strontium	strontium
student	student	 studierende	 studierender	 studentin
studio	studio
stump	stumpf
subject	untertan	 subjekt
sublimation	sublimierung	 sublimation
substance	substanz
subtrahend	subtrahend
subversion	subversion
subversive	subversiv
sudan	sudan
sudanese	sudanesin	 sudanesisch	 sudanese
suffix	suffix
sulfide	sulfid
sulfur	sulfur
sultan	sultan
sultanate	sultanat
sumatra	sumatra
summer	sommer
sumo	sumo
super	super
superlative	hervorragend	 superlativ
supermarket	supermarkt
supernova	supernova
surreal	surreal
surrealism	surrealismus
surrealist	surrealist	 surrealistisch
surrealistic	surrealistisch
surrogate	surrogatschlüssel	 surrogat
sutra	sutra
swastika	swastika
sweatshirt	sweatshirt
sydney	sydney
syllogism	syllogismus
sylph	sylphe	 sylphide
symbol	symbol
symmetric	symmetrisch
symmetry	symmetrie
sympathy	sympathie
symphony	symphonie
symposium	symposium
symptom	symptom
synagogue	synagoge
synapse	synapse
synchronous	synchron
syndrome	syndrom
synergetic	synergetisch
synonym	synonym
synonymous	synonym
synonymy	synonymie
synthesizer	synthesizer
synthetic	synthetisch
syracuse	syracuse	 syrakus
systematic	systematisch	 system
systole	systole
tablet	tablette
tag	tag
tagalog	tagalog
taiga	taiga
taipei	taipeh
taiwan	taiwan
taiwanese	taiwaner	 taiwanisch	 taiwanerin
talent	talent
talisman	talisman
tamarind	tamarinde
tampon	tampon
tangent	tangente	 tangens
tango	tango
tank	tank
tantalum	tantal
taoism	taoismus	 daoismus
tapioca	tapioka
tapir	tapir
tarantula	tarantel
tautology	tautologie
taxi	taxi
taxidermy	taxidermie
taxonomy	taxonomie
team	team
technetium	technetium
telegenic	telegen
telegram	telegramm
telepathy	telepathie	 gedankenlesen	 gedankenübertragung
telephone	fernsprecher	 telephon	 telefon	 telefonieren
temperament	temperament
temperature	temperatur
temporary	temporär
tennis	tennis
tenor	tenor
terbium	terbium
term	terminus	 trimester	 term
terminator	terminator
terminology	terminologie
termite	termite
terrain	terrain
terrarium	terrarium
terrier	terrier
terrorism	terrorismus
terrorist	terrorist	 terroristin
test	test
testament	testament
testosterone	testosteron
tetanus	tetanus	 wundstarrkrampf
tetralogy	tetralogie
text	text
thailand	thailand
thallium	thallium
thanatos	thanatos
thanksgiving	thanksgiving	 erntedankfest
theist	theistin	 theist
theistic	theistich
theodore	theodor
theologian	theologin	 theologe
theology	theologie
theorem	theorem
theoretic	theoretisch
thermodynamics	thermodynamik
thermometer	thermometer
thermosphere	thermosphäre
thermostat	thermostat
thesaurus	thesaurus
thing	thing	 ding
thiosulfate	thiosulfat
thomas	thomas
thor	thor
thorax	thorax
thorium	thorium
thread	roter faden	 thread
thriller	thriller
thrombosis	thrombose
throne	thron
thulium	thulium
thymine	thymin
tiara	tiara
tiber	tiber
tibet	tibet
tic	tic
ticket	fahrschein	 ticket	 schein
tiger	tiger
tight	tight
tigris	tigris
tilde	tilde
timbre	timbre
tirade	tirade
titan	titan
titanic	titanisch	 titanenhaft	 titanic
toast	toast	 toasten
toaster	toaster
tofu	tofu
toga	toga
togo	togo
toilet	toilette
tolerance	toleranz
tomahawk	tomahawk
tomato	tomate	 tomatenflanze
tonne	tonne
tonsil	tonsille
tonsillitis	tonsillitis
tonsure	tonsur
top	top
tornado	tornado
toronto	toronto
torpedo	torpedo	 torpedieren
torso	torso
torture	tortur	 foltern	 folter
torus	torus
totem	totem
toupee	toupet
tour	tournee	 tour
tourism	tourismus
tourist	tourist
toxin	toxin
trachea	trachea
tradition	tradition
traditional	traditionell
tram	trambahn	 straßenbahn	 tram
trampoline	trampolin
trance	trance
transaction	transaktion
transcription	transkription
transform	transformieren
transformer	transformator	 transformer
transfusion	bluttransfusion	 transfusion
transitive	transitiv
translation	translation
transliteration	transliteration	 transkription
transparency	transparenz
transparent	transparent
transplant	umpflanzen	 transplantation	 verpflanzen	 transplantieren
transplantation	transplantation	 umsiedlung	 umpflanzung
transport	transportieren	 beförderung
transportable	transportabel
transsexual	transsexuelle
transvestite	transvestit
trauma	trauma
traumatic	traumatisch
trawler	trawler
trend	trend
triad	triade
trial	trialis
tribute	tribut
trick	verarschen	 austricksen	 trick
trier	trier
trifle	trifle
trigonometry	trigonometrie
trill	triller
trillion	billion	 trillion
trim	trimm	 segeltrimmung
trimaran	trimaran
trimester	trimester
trinitarianism	trinitarianismus
trio	trio
trip	trip
tripoli	tripolis
triskaidekaphobia	triskaidekaphobie
triumph	triumph	 triumphieren
troglodyte	troglodyt
trojan	trojanisch	 trojanerin	 trojaner
troll	troll
trope	trope	 tropus
trump	trumpf
tsunami	tsunami
tuba	tuba
tumor	tumor
tundra	tundra
tunis	tunis
tunnel	tunnel
turban	turban
turbine	turbine
turbulence	turbulenz
turpentine	terpentin
tutu	tutu
tuxedo	tuxedo
tweed	tweed
type	tippen	 typus	 type	 typ
typography	typographie
tyrannosaurus	tyrannosaurus
tyrant	tyrann
ufo	ufo
uganda	uganda
ugli	ugli
ukase	ukase	 ukas
ukraine	ukraine
ultimatum	ultimaten	 ultimatum
ultrastructure	ultrastruktur
ultraviolet	ultraviolett
umlaut	umlaut
unfair	unfair
uniform	uniform	 gleichförmig
unitarianism	unitarianismus
universe	universum
university	universität
unix	unix
unorthodox	unorthodox
uranus	uranus
urban	urban
urinal	urinal
urine	urin
uruguay	uruguay
usa	usa
utopia	utopie
uvula	uvula
vaginal	vaginal
valentine	valentin
valhalla	walhall
vampire	vampir
vanadium	vanadium
vancouver	vancouver
vandal	vandale
vandalism	vandalismus
vanilla	vanille	 vanille
variable	variabel	 variable	 variablensymbol
variant	variante
vase	vase
veda	veda
vegan	vegan	 veganerin	 veganer
veganism	veganismus
vegetarian	vegetarisch	 vegetarier
vegetation	vegetation
vehement	vehement	 heftig
velour	velours
venezuela	venezuela
venus	venus
venusian	venusianisch	 venerisch	 venusianer	 venusianerin
verandah	veranda
verb	verb	 verbum
vermont	vermont
version	version
veto	veto
vibraphone	vibraphon
vibration	vibration
victoria	victoria	 viktoria
video	video
videocassette	videokassette
vietnam	vietnam
vietnamese	vietnamese	 vietnamesin	 vietnamesisch
vignette	vignette
vinaigrette	vinaigrette
violet	violett
violinist	violinistin	 violinist
violoncello	violoncello
viper	viper
viral	virus-	 viral
virginity	virginität
virology	virologie
virtuoso	virtuose
virus	virus
vishnu	vishnu
vision	vision
visionary	visionär	 visionär
vitamin	vitamin
vitrine	vitrine
vivisection	vivisektion
vizier	vizir	 vizier
volatile	volatil
volatility	volatilität
volleyball	volleyball
volt	volt
volume	volumen
voyeur	voyeur
voyeurism	voyeurismus
voyeuristic	voyeuristisch
vulgar	ungehobelt	 volk	 vulgärsprachlich	 ungebildet	 vulgär	 volkstumlich
vulva	vulva
wafer	wafer	 oblate	 waffel
waffle	waffel	 schwafeln	 geschwafel
wales	wales
wall	wall
walloon	wallonisch	 wallon
wallpaper	wallpaper	 tapezieren	 tapete
wanderer	wanderer
wanderlust	fernweh	 wanderlust
warm	warm	 warmherzig	 wärmen
warner	werner
washington	washington
watt	watt
weber	weber
wellington	wellington
weltanschauung	weltanschauung
west	westlich	 westwärts	 west	 westen
western	western
wharf	wharf
whisky	whisky
wild	wild
will	wille	 wollen	 letzter wille
wind	wind
windows	windows
winner	gewinner
winter	winter
wok	wok
wolf	wölfin	 wolf
wombat	wombat
wonder	wunder	 sich wundern
woollen	wollen	 woll-
wring	wringen
xanthine	xanthin
xenobiology	xenobiologie
xenon	xenon
xenophobia	xenophobie
xenophobic	xenophobisch
xerophthalmia	xerophthalmie
xylitol	xylitol
xylophone	xylophon
xylose	xylose
yacht	jacht	 yacht
yak	yak
yankee	yankee
yeti	yeti
yoga	yoga
yoghurt	joghurt
ytterbium	ytterbium
yttrium	yttrium
zambia	sambia
zebra	zebra
zebu	zebu
zeitgeist	zeitgeist
zen	zen
zenith	zenit
zeppelin	zeppelin
zeus	zeus
zimbabwe	simbabwe
zion	zion
zionism	zionismus
zither	zither
zombie	zombie
zone	konzentrieren	 zone	 verzonen
zoo	zoo
zoologist	zoologe	 zoologin
zoophobia	zoophobie
zoroastrian	zoroastrier
zucchini	zucchini	 zucchetti
zulu	zulu
zurich	zürich	 kanton zürich
zygote	zygote
