determinante	determinant
dystopie	dystopia
raclettekäse	raclette
präsentation	presentation
hyperbolisch	hyperbolic
finale	final
astronom	astronomer
pandeismus	pandeism
hyperthermie	hyperthermia
relativität	relativity
malteserin	maltese
sympathie	sympathy
musikinstrument	instrument
ejakulation	ejaculation
kompass	compass
immens	immense
schimpanse	chimpanzee
jurisprudenz	jurisprudence
filtern	filter	 fine	 percolate
korona	corona
zionismus	zionism
speleologie	speleology
adrenerg	adrenergic
dilettantismus	dilettantism
biodiversität	biodiversity
psychotiker	psychotic
sextant	sextans
metamorphose	metamorphosis
professionell	professional
kombinatorik	combinatorics
turkmenin	turkmen
chlamydien	chlamydia
melancholie	ennui	 melancholy
etatismus	etatism	 statism
bombastisch	bombastic
solide	solid
anarchismus	anarchism
anisotrop	anisotropic
triade	triad
polykarbonat	polycarbonate
derivat	derivative
hedonismus	hedonism
popularität	popularity
bogotá	bogota
resolut	resolute	 determined
eurolinguistik	eurolinguistics
kaution	bail	 caution
apoll	apollo
ambiguität	ambiguity
okarina	ocarina
goldfisch	goldfish
agrobiologie	agrobiology
kollegial	collegial
belgrad	belgrade
bombarde	bombard
lupine	lupin
magdalena	magdalene
krasnojarsk	krasnoyarsk
kannibale	cannibal
konfiguration	configuration
nicaraguanisch	nicaraguan
kurator	curator
salut	salute
deklination	declination	 declension
luxemburgerin	luxembourger	 luxemburger
diptot	diptote
interaktion	interaction
martensit	martensite
parasympathomimetisch	parasympathomimetic
astrophysik	astrophysics
cystein	cysteine
kentaur	centaur
habitus	habit
kolumnist	columnist
aktualismus	actualism
geophysik	geophysics
äquatorial	equatorial
wilhelmine	wilhelmina
monotheistisch	monotheistic
skorpion	scorpion	 scorpio	 scorpius
zoroastrier	zoroastrian
senat	senate
chrysantheme	chrysanthemum
mathematik	mathematics
exponentiell	exponential
komparativ	comparative
senil	senile
epitop	epitope
neologismus	neologism
triller	trill
juliane	juliana
hirsutismus	hirsutism
insolvenz	insolvency
krumholz	elfinwood	 krummholz
generalissimus	generalissimo
laryngologe	laryngologist
bioressource	bioresource
wallonien	wallonia
für	toward	 for
rekapitulation	recapitulation
skriptorium	scriptorium
unitarianismus	unitarianism
kanton	canton
anarchistisch	anarchistic
kondor	condor
kondom	condom
figur	figure	 character	 frame
bulle	hulk	 bull	 pig
optimismus	optimism
dolomiten	dolomites
scientologie	scientology
metastase	metastasis
sander	zander
frivolität	frivolity
legitim	legitimate
kommission	commission
champagner	champagne
wladimir	vladimir
wollen	woolen	 woollen	 want
philippinen	philippines
sandale	sandal
temperatur	temperature
transitiv	transitive
andorranisch	andorran
normativ	normative
aspekt	aspect
aristokrat	aristocrat
intransitiv	neuter	 intransitive
volatilität	volatility
perfektionist	perfectionist
filibustern	filibuster
abiogenese	abiogenesis
konfetti	confetti
jainismus	jainism
methionin	methionine
extrem	extremely	 extreme
tribut	tribute
diminutiv	diminutive
formaldehyd	formaldehyde
monochrom	monochrome
seychellen	seychelles
kleptomanie	kleptomania
februar	february
ecuadorianer	ecuadorian
mythologie	mythology
neutralität	neutrality
xenobiologie	xenobiology
bolivianisch	bolivian
pentan	pentane
asthenie	asthenia
wallon	walloon
triskaidekaphobie	triskaidekaphobia
ektoplasma	ectoplasm
asterismus	asterism
asthenosphäre	asthenosphere
sintern	sinter
nigerianisch	nigerian
molinologie	molinology
sulfid	sulfide
hypophosphatämie	hypophosphatemia
intoleranz	intolerance
homophobie	homophobia
humanismus	humanism
lampe	lamp
babysitten	babysit
somnambulismus	somnambulism
ballasten	ballast
liberianerin	liberian
deklaration	declaration
pathologie	pathology
optometrisch	optometric
afghane	afghan
tepelena	tepelenë
presse	press
konvent	convent
ösophagus	oesophagus
reinkarnation	reincarnation
anamnese	anamnesis
eloquenz	eloquence
horrend	horrendous
kriminologin	criminologist
ontologie	ontology
klassifikation	classification
antiangiogenese	antiangiogenesis
relativismus	relativism
juda	judah
toxoplasmose	toxoplasmosis
akronym	acronym
tantal	tantalum
quadratur	quadrature
organisation	organization
bulgarin	bulgarian
jekaterinburg	yekaterinburg
scharlatan	charlatan
thrombozytopenie	thrombocytopenia
sudanesin	sudanese
interessiert	interested
orgasmus	orgasm
vanille	vanilla
impedanz	impedance
roxane	roxana
synthetisch	synthetic
norepinephrin	norepinephrine
schematisch	schematic
quacksalber	quack	 quacksalver
trinker	drunk	 drinker
enzephalitis	encephalitis
minimalismus	minimalism
medikation	medication
revanchismus	revanchism
puls	pulse
primitiv	primitive
niueaner	niuean
paradoxon	paradox
zenit	zenith
fehlinterpretation	misinterpretation
oper	opera
ribosom	ribosome
immobilität	immobility
hut	hat	 cap
liberalismus	liberalism
konjugation	conjugation
syndesmose	syndesmosis
wunder	miracle	 wonder
helikopter	helicopter
hydraulik	hydraulics
mexiko	mexico
bodybuilderin	bodybuilder
dramaturgie	dramaturgy
koordinate	coordinate
aceton	acetone
evolutionismus	evolutionism
fluorophor	fluorophore
intrusiv	intrusive
psychedelisch	psychedelic
psychokinese	psychokinesis
solidarität	solidarity
rhetorik	rhetoric
rivale	rival
apokalypse	apocalypse
stabilität	stability
eklipse	eclipse
triptot	triptote
gymnastik	gymnastics
aerodynamik	aerodynamics
philatelie	philately
binitarianismus	binitarianism
meteorologe	meteorologist	 weatherman
sesam	sesame
korrelation	correlation
oligarchie	oligarchy
olymp	olympus
mitosom	mitosome
bermudas	bermuda
karton	cardboard	 carton	 cartoon
sunnit	sunni
pegasos	pegasus
locke	lock
garnitur	garniture
intersexualität	intersexuality
sperma	cum	 seed	 sperm
effekt	effect
relevanz	relevance
glossar	glossary
horologin	horologist
metonymie	metonymy
entomologie	entomology
idealistisch	idealistic
isometrisch	isometric
hydrozephalus	hydrocephalus
isotop	isotope	 isotopic
halleluja	alleluia	 hallelujah
nostalgie	nostalgia	 homesickness
argentinien	argentina
argentinier	argentinian
revolutionieren	revolutionize
intensität	intensity
polyglotter	polyglot
tschador	chador
zystitis	cystitis
isotropie	isotropy
kathedrale	cathedral
azetat	acetate
dioptas	dioptase
krater	crater
kompetent	able	 proficient	 competent
toilette	bathroom	 toilet	 restroom
dichotomie	dichotomy
brillant	brilliant
flanke	flank
kyanit	kyanite
ozelot	ocelot
rhodos	rhodes
bahrainer	bahraini
extraterrestrisch	extraterrestrial
kitschig	kitsch	 icky	 kitschy
bolivianer	bolivian
kardinal	cardinal
heterosexualität	heterosexuality
novelle	novella
geometrie	geometry
serie	series
hippopotomonstrosesquippedaliophobie	hippopotomonstrosesquipedaliophobia
himalaya	himalayas
privilegieren	privilege
serin	serine
ovar	ovary
magnolie	magnolia
demagoge	demagogue
zylinder	cylinder
pyrit	pyrite
bifurkation	bifurcation
zerebral	cerebral
oneirologie	oneirology
oneirologin	oneirologist
eremit	eremite	 loner
bande	posse	 gang	 cushion	 band
alphanumerisch	alphanumeric
funktional	functional
meßinstrument	instrument
pakistaner	pakistani
konglomerat	conglomerate
prävention	prevention
edelweiß	edelweiss
andorranerin	andorran
universität	university	 school
modifikation	modification
serbe	serb
repressiv	repressive
disjunktion	disjunction
revolte	revolt
hänsel	hansel
katamaran	catamaran
traditionell	traditional
walhall	valhalla
bhutaner	bhutanese
antiguaner	antiguan
imid	imide
pädophilie	pedophilia
elektroflotation	electroflotation
feudalismus	feudalism
dangme	adangme
xerophthalmie	xerophthalmia
glas	glass	 jar
implementieren	implement
arrhythmie	arrhythmia
telephon	telephone
generosität	generosity
kontingent	contingent
flandern	flanders
sommer	summery	 summer
googlen	google
ombudsmann	referee	 ombudsman
mitochondrium	mitochondrion
ataxie	ataxia
pathognomonisch	pathognomonic
acetylen	acetylene
millimeter	millimetre
mandoline	mandolin
testosteron	testosterone
transplantation	transplant
pagode	pagoda
philosoph	philosopher
diaphan	diaphanous
hijacken	hijack
flatulenz	flatulence
taxonomie	taxonomy
taurophobie	taurophobia
monetarismus	monetarism
ethan	ethane
nowosibirsk	novosibirsk
satzfragment	fragment
phobie	phobia	 fear
amateurin	amateur
gnom	gnome
kognitiv	cognitive
behemot	behemoth
elektromagnet	electromagnet
exhibitionismus	exhibitionism
deserteur	deserter
konversation	conversation
traumatisch	traumatic
militarismus	militarism
parametrisch	parametric
fiasko	fiasco
threonin	threonine
paraguayer	paraguayan
tirza	tirzah
aphorismus	aphorism
modell	pattern	 model
waffel	wafer	 waffle
konsequenz	consequence	 ramification
graphit	graphite
graphik	graphic
synonymie	synonymy
ruanda	rwanda
fotodiode	photodiode
resilienz	resilience
barbe	barbel
defekt	defective	 defect
synergetisch	synergistic	 synergetic
nanotechnologie	nanotechnology
logistik	logistics
barde	bard
synekdoche	synecdoche
transkription	transcription	 transliteration
ouvrierismus	ouvrierism
domains	domain
stereolithographie	stereolithography
atheismus	atheism
tyrosin	tyrosine
tarantel	tarantula
limonade	lemonade	 soda
hydrodynamik	hydrodynamics
methodologie	methodology
antithese	antithesis
laryngologisch	laryngological
primogenitur	primogeniture
matinee	matinée
hypothetisch	hypothetical	 hypothetic
autismus	autism
diagonale	diagonal
konsistent	consistent
hindern	hinder
panentheismus	panentheism
seismologie	seismology
delila	delilah
kuwaitisch	kuwaiti
allotrop	allotropic
kosmos	cosmos
exuberanz	exuberance
milliliter	millilitre
odyssee	odyssey
ambigramm	ambigram
kommodore	commodore
irreversibel	irreversible
fennek	fennec
ecuadorianerin	ecuadorian
irrationalismus	irrationalism
zentromer	centromere
orchidee	orchid
aristotelismus	aristotelianism
koalition	coalition
wikipedianer	wikipedian
savanne	savanna
zensus	census
autonomie	autonomy
tetragramm	tetragrammaton
intelligent	intelligence	 bright
intelligenz	intelligence
insekt	insect
kilogramm	kilogram
polster	bolster	 cushion
philologe	philologist
onomatopoese	onomatopoeia
platon	plato
statistik	statistics
wringen	wring	 mangle
aggressiv	aggressive
apoplexie	apoplexy
apoplexia	apoplexy
geopolitik	geopolitics
apollon	apollo
kompensation	compensation
exil	exile
konzentration	focus	 concentration
kolligation	colligation
satellit	satellite	 moon
senegalesin	senegalese
orthographie	orthography	 spelling
mineralogie	mineralogy
peristaltik	peristalsis
anagramm	anagram
platin	platinum
uraninit	uraninite
barbar	barbarian	 savage
transportieren	transport
haitianer	haitian
tonsur	tonsure
altruistisch	altruistic
exophthalmus	exophthalmos
expressionismus	expressionism
venusianisch	venusian
jona	jonah
kopilot	copilot
tscheboksary	cheboksary
halluzination	hallucination
athen	athens
vandalismus	vandalism
depolymerisation	depolymerization
phonetik	phonetics
formalismus	formalism
kompliment	compliment
malteser	maltese
sänger	singer
panentheistin	panentheist
xenophobisch	xenophobic
kollision	collision
ergonomie	ergonomics
isentrop	isentropic
stalinismus	stalinism
chinesen	chinese
philanthropisch	philanthropic
trinitarianismus	trinitarianism
quantil	quantile
pornographisch	pornographic
antiguanerin	antiguan
demagogie	demagogy	 demagogism
blogosphäre	blogosphere
berlinerin	berliner
epilog	epilogue
chandrabindu	candrabindu
surinamer	surinamese
kolluvium	colluvium
brutalität	brutality
charme	charm
algorithmus	algorithm
kamera	camera
tamarau	tamaraw
spiritismus	spiritism
pornographin	pornographer
stilben	stilbene
taoismus	taoism
sufismus	sufism
perfektion	perfection
august	augustus
buddhismus	buddhism
tanganjika	tanganyika
logarithmisch	logarithmic
tangente	tangent
agil	agile
arithmetik	arithmetic
menorca	minorca
bahrainisch	bahraini
provokation	provocation
koprophilie	coprophilia
alphabetisch	alphabetical	 alphabetic	 alphabetically
transportabel	transportable
sie	it	 you	 her	 she	 they
euroskeptiker	euroskeptic	 eurosceptic
kopenhagen	copenhagen
feminin	feminine
münster	minster
epoche	epoch	 age	 era
baileychlor	baileychlore
ethnozentrismus	ethnocentrism
apostroph	apostrophe
nymphe	nymph
hyperparathyreoidismus	hyperparathyroidism
paroxysmus	paroxysm
lunarianerin	lunarian
neptun	neptune
multiplikation	multiplication
existentielle	existential
antibiotisch	antibiotic
kricket	cricket
nigerianer	nigerian
beryll	beryl
symphonie	symphony
bisexuell	bisexual
psychotisch	psychotic
tamarinde	tamarind
amerika	america	 americas
industriell	industrial
idolatrie	idolatry
infrastruktur	infrastructure
subjekt	subject
kommunist	communist
psychotherapie	psychotherapy
transfektion	transfection
implantat	implant
kinom	kinome
halle	hall
pentagramm	pentagram
somalier	somali
biotop	biotope
venusianerin	venusian
nigerianerin	nigerian
pädophil	pedophile
polysynthetisch	polysynthetic
psychosomatisch	psychosomatic
esoterik	esotericism	 esoterism
photosynthese	photosynthesis
privileg	privilege
ferrit	ferrite
baccara	baccarat
rhizosphäre	rhizosphere
offerte	offer	 overture
rinde	rind	 bark	 mantle
naiv	green	 naive
exegese	exegesis
kongenital	congenital
tripolis	tripoli
allelopathie	allelopathy
epigenetik	epigenetics
kleopatra	cleopatra
duett	duet
euphorie	euphoria
plasmonisch	plasmonic
talib	taliban
hymne	hymn
absolutistisch	absolutist
enthusiasmus	enthusiasm	 mettle
polynesien	polynesia
virginität	virginity
komponente	component
ornithologie	ornithology
chocolat	chocolate
psychologin	psychologist
agoraphobie	agoraphobia
psychologie	psychology
hämoglobin	hemoglobin
föderalismus	federalism
pisse	piss
paranoide	paranoid
applaus	applause
octan	octane
dinosaurier	dinosaur
duell	duel
variante	variation	 variant
neutraler	neutral
hybris	hubris
mutante	mutant
priester	priest
nazismus	nazism
rutil	rutile
domestike	domestic
antimakassar	antimacassar
populär	popular
monopolistisch	monopolistic
sopran	soprano
obstipation	constipation
phosphor	phosphorus
ratifikation	ratification
pyramidisch	pyramidic
bromid	bromide
prophetin	prophet
konfrontation	confrontation
autodidakt	autodidact
vibraphon	vibraphone
semiotik	semiotics
tyrann	tyrant	 bully
stopp	stop
klaustrophobie	claustrophobia
materialisation	materialization
antagonismus	antagonism
produkt	product
desaster	disaster
transaktion	transaction
ichthyologisch	ichthyological
metempsychose	metempsychosis
jeremia	jeremiah
nephrologe	nephrologist
siswati	swati
genuin	genuine
schizophrenie	schizophrenia
observatorium	observatory
fundamentalismus	fundamentalism
patriotismus	patriotism
kordon	cordon
fragil	fragile
leucin	leucine
stipendium	scholarship	 stipend
xylophon	xylophone
acenaphthen	acenaphthene
pantheistich	pantheistic
ornithin	ornithine
pumpe	pump
pathologisch	pathological	 pathologic
hanna	hannah	 anna
kontrast	contrast
bizarr	bizarre
dromedar	dromedary
profiteur	profiteer
toasten	toast
phonem	phoneme
hernie	hernia
potentant	potentate
hippokrates	hippocrates
nitroglyzerin	nitroglycerine
amulett	amulet
theodor	theodore
epiphyt	epiphyte
generell	general	 generally
mulchen	mulch
ballon	balloon
saratow	saratov
phenylalanin	phenylalanine
interferenz	interference
ramifikation	ramification
soffitte	soffit
atavismus	atavism
grillen	fry	 barbecue	 grill
lemongras	lemongrass
zettaliter	zettalitre
extremität	extremity
banalität	banality
antikolonial	anticolonial
jeremias	jeremiah
veranda	patio	 verandah
attributiv	attributive
genealogie	genealogy
synagoge	synagogue
genealogin	genealogist
zentaur	centaur	 centaurus
jostabeere	jostaberry
lombardei	lombardy
biogeographie	biogeography
kadmium	cadmium
bauxit	bauxite
quintett	quintet
morphismus	morphism
kosmopolit	cosmopolite
granit	granite
babylonien	babylonia
mulla	mullah
kapitol	capitol
kompiler	compiler
triest	trieste
europa	europe
membran	membrane	 diaphragm
facette	face	 facet
komposition	composition
sunnite	sunni
attika	attica
behaviorismus	behaviorism
konfuse	confuse
ligatur	ligature	 logotype
revolutionär	revolutionary
sibylle	sibyl
simson	samson
prostituieren	whore	 prostitute
audiologie	audiology
alphabetismus	alphabetism
ignoranz	ignorance
herpetologie	herpetology
germane	german
pansexualität	pansexuality
nro	ngo
transparenz	transparency
sewastopol	sevastopol
antidot	antidote
skript	script
nr.	no.
jasmin	jasmine
rolle	part	 roll	 role	 pulley	 cylinder
transnistrien	transnistria
terpentin	turpentine
epigramm	epigram
horizont	horizon
konventionell	conventional
fuchsie	fuchsia
pyrotechnik	pyrotechnics
kickboxen	kickboxing
egoismus	egoism	 selfishness
amoralität	amorality
ragnarök	ragnarok
realistisch	realistic
sarajewo	sarajevo
psychometrie	psychometry
lysin	lysine
lasagne	lasagna
ballade	ballad
aphoristisch	aphoristic
perihel	perihelion
hegemonie	hegemony
pessimismus	pessimism
sensibilität	sensibility
desillusion	disillusion
amiodaron	amiodarone
romanze	romance
prostituierte	prostitute
kapitalismus	capitalism
maske	mask
literatur	literature
polyurethan	polyurethane
logotyp	logotype
nephologie	nephology
xenophobie	xenophobia
glyphe	glyph
aeronautisch	aeronautic
blasphemie	blasphemy	 blaspheme
dopen	dope
moment	minute	 second	 jiffy	 momentum
muslimin	muslim
stratosphäre	stratosphere
apraxie	apraxia
drollig	droll
singulär	singular
herde	herd	 flock
republik	republic
organismus	organism
surjektion	surjection
autonom	autonomous
buttermilch	buttermilk
internationalismus	internationalism
branche	branch
thymin	thymine
minimalistisch	minimalist
sodalith	sodalite
archimandrit	archimandrite
checken	check	 twig
legende	caption	 key	 legend
novellist	novelist
päderast	pederast
thermodynamik	thermodynamics
nitril	nitrile
protuberanz	protuberance
magazin	magazine
hypotheka	hypotheca
neoliberalismus	neoliberalism
geographie	geography
bretone	breton
landgraf	landgrave
wladika	vladika
konvention	convention
melone	melon
ideologie	ideology
anabolismus	anabolism
kapital	fund	 capital
hypnotherapie	hypnotherapy
ideologin	ideologist
substanz	substance	 matter
endosymbiose	endosymbiosis
hypothese	hypothesis	 conjecture
kommentator	commentator
myriaden	myriad
parmesankäse	parmesan
grotte	grotto
kantonese	cantonese
ahlspieß	ahlspiess
lanthan	lanthanum
delphin	dolphin
artillerie	ordnance	 battery	 artillery
positionieren	position
violinistin	violinist
flexibilität	flexibility	 flex
calvinistisch	calvinistical
semit	semite
elektromagnetismus	electromagnetism
metall	metal
troglodyt	troglodyte
additiv	additive
konnotation	connotation
stochastisch	stochastic
aneurysma	aneurysm
bloggerin	blogger
christin	christian
parthenogenese	parthenogenesis
individuum	individual
populismus	populism
melancholisch	melancholy	 melancholic
resultat	result
plattform	platform	 floor
diskussion	discussion	 argument
imperialismus	imperialism
klandestin	clandestine
kolumbarium	columbarium
kormoran	cormorant
druide	druid
häh	huh
superlativ	superlative
transformieren	transmogrify	 transform
pandemie	pandemic
ficker	fucker	 fuck
kavalier	cavalier	 squire
butan	butane
kindergärtnerin	kindergartner
makrophage	macrophage
heterozygot	heterozygote
kommissiv	commissive
dermatologe	dermatologist
klient	client
kondition	condition
tschukotka	chukotka
amid	amide
amin	amine
jehova	jehovah
transrealismus	transrealism
lithographie	lithography
polyglotte	polyglot
koordination	coordination
guanin	guanine
metalexikographie	metalexicography
neoplasie	neoplasm
desinformation	disinformation
inkompetent	incompetent
partisane	partisan
unperson	nonperson
katechismus	catechism
flageolett	flageolet
oktober	october
admiralsamt	admiralty
zelkowa	zelkova
neoplasma	neoplasm
exzeptionalismus	exceptionalism
zelkove	zelkova
phlegmatisch	phlegmatic
hierarchie	hierarchy
zelkoua	zelkova
kieserit	kieserite
dichogamie	dichogamy
soiree	soirée
koriander	coriander
hessen	hesse
negligé	negligée	 negligee
allegorisch	allegorical	 allegoric	 allegorically
isolationismus	isolationism
granulomatös	granulomatous
originalität	originality
abstraktion	abstraction
humanität	humanity
bulimie	bulimia
algier	algiers
neurologie	neurology
konsul	consul
kopula	copula
elektronegativität	electronegativity
ganymed	ganymede
astronomie	astronomy
reykjavík	reykjavik
pseudoskorpion	pseudoscorpion
bilingualismus	bilingualism
terminologie	terminology
checkliste	checklist
philanthrop	philanthropist
mongolin	mongolian
januar	january
neonatologe	neonatologist
obsolet	obsolete
trumpf	trump
produktion	production
rhinoplastik	rhinoplasty
experte	expert	 specialist
modul	module
limburgisch	limburgish
kontamination	contamination
ordern	order
kredit	credit
ballistisch	ballistic
ostende	ostend
anglerfisch	anglerfish
optometrie	optometry
kondensat	condensate
müller	smith	 miller
bariton	baritone
hypochondrisch	hypochondriac
taipeh	taipei
herodes	herod
violett	purple	 violet
exoskelett	exoskeleton
bulgarien	bulgaria
ultrastruktur	ultrastructure
tangens	tangent
kasino	casino
spekulation	speculation
arbiträr	arbitrary
hemisphäre	hemisphere
pietismus	pietism
libanese	lebanese
perspektive	perspective
antimon	antimony
vanadinit	vanadinite
pantheismus	pantheism
technobrabbel	technobabble
blasphemieren	blaspheme
pinguin	penguin
experimentieren	experiment
protestantismus	protestantism
kontinent	mainland	 continent
rallye	rally
bulldogge	bulldog
legalität	legality
tschita	chita
vivisektion	vivisection
kurde	kurd
korridor	corridor
atheistisch	atheistic
architektin	architect
mandat	mandate
azetylcholin	acetylcholine
parapsychologie	parapsychology
aerodynamisch	aerodynamical	 aerodynamic
acrylamid	acrylamide
herodot	herodotus
republikanismus	republicanism
automatisch	automatic
pathologe	pathologist
proterozoikum	proterozoic
libanon	lebanon
pyrolyse	pyrolysis
werner	warner
asbestose	asbestosis
kasachstan	kazakhstan
nihilismus	nihilism
voyeuristisch	voyeuristic
internierte	internee
metrosexualität	metrosexuality
paleokonservative	paleoconservative
illokution	illocution
bolivianerin	bolivian
pedantin	pedant
antimaterie	antimatter
kemerowo	kemerovo
wollastonit	wollastonite
paraphyletisch	paraphyletic
ballett	ballet
infinitiv	infinitive
kathode	cathode
programm	program	 catalogue	 schedule	 cycle
qualifikation	qualification
physiologin	physiologist
physiologie	physiology
darwinistin	darwinist
serpentinit	serpentinite
idiomatisch	idiomatic
syndrom	syndrome
gentrifikation	gentrification
stereotomie	stereotomy
ideogramm	ideogram
clathrat	clathrate
cellophan	cellophane
kompromiss	compromise
isabell	isabel
hologramm	hologram
pianistin	pianist
konstitution	constitution
tapioka	tapioca
genealoge	genealogist
interesse	interest
meteorologie	meteorology
gerontologie	gerontology
anis	anise
omnitheismus	omnitheism
methan	methane
isomorphismus	isomorphism
andalusien	andalusia
pneumonie	pneumonia
springen	jump	 branch	 leap	 spring
pessimistisch	pessimistic
sardinien	sardinia
domestik	domestic
quant	quantum
exobiologie	exobiology
kantianismus	kantianism
systematisch	systematic
kongolese	congolese
harmagedon	armageddon
pille	pill
technobabbel	technobabble
honduranerin	honduran
antonymie	antonymy
veganismus	veganism
burgunder	burgundy
tonsille	tonsil
oneirologe	oneirologist
kranial	cranial
opportunistin	opportunist
anthropophobie	anthropophobia	 homophobia
konvex	convex
monogam	monogamous
objekt	object
asplenie	asplenia
parvenü	parvenu	 upstart
mobil	mobile
nicaraguanerin	nicaraguan
regulär	regular
surinam	suriname
antifaschistin	antifascist
tortur	torture	 ordeal
anopie	anopia
roboter	robot
numerologie	numerology
anxiolytikum	anxiolytic
cholesterin	cholesterol
zyklostome	cyclostome
muskete	musket
integrität	integrity
psychoanalyse	psychoanalysis
transsexuelle	transsexual
epitheton	epithet
affekt	affect
irrelevanz	irrelevance
aerologie	aerology
syllogismus	syllogism
libertarismus	libertarianism
gastronomie	gastronomy
sorte	sort	 variety
bangladesch	bangladesh
alkan	alkane
symmetrisch	symmetric	 symmetrical
vietnamesin	vietnamese
usbekistan	uzbekistan
windsurfen	windsurfing
andorraner	andorran
intervenieren	intervene
hyperbel	hyperbole	 hyperbola
scharade	charades
eukalyptus	eucalyptus
bessarabien	bessarabia
katharsis	catharsis
stalken	stalk
taxidermie	taxidermy
terrorismus	terrorism
epinephrin	epinephrine
mediterran	mediterranean
konsonant	consonant
antipyretikum	antipyretic
arroganz	arrogance
eigenvektor	eigenvector
faszination	fascination
theophanie	theophany
selenologe	selenologist
polyamorie	polyamory
priorität	priority
hydrat	hydrate
andragogik	andragogy
planktologie	planktology
kolonist	colonist	 settler
thermosphäre	thermosphere
animosität	animosity
chresmologe	chresmologue
pharao	pharaoh
wolframit	wolframite
phytotomie	phytotomy
szenario	scenario
repräsentativ	representative
kaviar	caviar
orthodoxie	orthodoxy
parasitismus	parasitism
empyem	empyema
favorit	favorite
katheter	catheter
trojaner	trojan
negativ	negative
hyperkeratose	hyperkeratosis
originell	original
propan	propane
antibiotikum	antibiotic
trimm	trim
strang	strand
charismatisch	charismatic
interplanetarisch	interplanetary
apparat	appliance	 apparatus	 device
phonologie	phonology
multiversum	multiverse
perfektionismus	perfectionism
homophon	homophone
psychopharmakologie	psychopharmacology
sexismus	sexism
existentialismus	existentialism
strategem	stratagem
choral	chorale
petunie	petunia
toleranz	tolerance
honduranisch	honduran
autochthon	autochthonous
demagogisch	demagogic
progressiv	progressive
singapur	singapore
pornograph	pornographer
ornithologe	ornithologist
schisma	schism
strategie	strategy
xanthin	xanthine
projekt	project
tjumen	tyumen
ukas	ukase
postmoderne	postmodernism
terraner	earthling	 terran
burkinabé	burkinabe
burkinabè	burkinabe
kommunistin	communist
simbabwe	zimbabwe
kardioide	cardioid
hydrographie	hydrography
pyrrol	pyrrole
patriotisch	patriotic
salmonelle	salmonella
porno	porn
materiell	physical	 material
hysterese	hysteresis
elativ	elative
comic	comics
leninismus	leninism
homosexuelle	homosexual
homosexuell	homosexual	 gay
asbest	asbestos
tscherkessk	cherkessk
archangelsk	arkhangelsk
mikrovillus	microvillus
sultanat	sultanate
morphologie	morphology
absinth	absinthe
protestantin	protestant
epidemie	epidemic
evolutionär	evolutionary
meteorit	meteorite
tanach	tanakh
primat	primate
karies	caries
spezialist	specialist
glutamin	glutamine
adenin	adenine
kognition	cognition
theologie	theology
theologin	theologian
enchondrom	enchondroma
universum	universe
ablativ	ablative
trampolin	trampoline
muggel	muggle
stereotyp	stereotype
optimistisch	optimistic
inkonsistent	inconsistent
charakteristik	characteristic
indonesier	indonesian
indonesien	indonesia
seismologisch	seismologic	 seismological
abasie	abasia
asymptotisch	asymptotic
georg	george
terroristin	terrorist
covern	cover
helene	helen
monstranz	monstrance
klitoris	clitoris
rationalismus	rationalism
epilepsie	epilepsy
astatin	astatine
quadratisch	square	 quadratic
symmetrie	symmetry
munition	ammunition
kolonialismus	colonialism
philosophie	philosophy
athene	athena
professorin	professor
pirat	pirate
anomal	anomalous
drachme	drachma
impressionismus	impressionism
wahhabismus	wahhabism
tautologie	tautology
methode	method
profitabel	profitable
neopren	neoprene
thiosulfat	thiosulfate
monogramm	monogram
thron	throne
kannibalismus	cannibalism
amnesie	amnesia
myriade	myriad
differenz	difference
maoismus	maoism
manifest	manifesto
futurismus	futurism
havanna	havana
monolog	monologue
marmosette	marmoset
cytosin	cytosine
polygam	polygamous
monarchin	monarch
unilateralismus	unilateralism
philipp	philip
materialismus	materialism
altruismus	altruism
arnika	arnica
deismus	deism
alarmismus	alarmism
monarchie	monarchy
pluralismus	pluralism
neuroendokrin	neuroendocrine
dermatologie	dermatology
dermatologin	dermatologist
korollar	corollary
honshū	honshu
gramm	gram
nerv	nerve
opportunismus	opportunism
dialekt	dialect
initialismus	initialism
opportunistisch	opportunistic
nonsens	nonsense
intrinsisch	intrinsic
chromosom	chromosome
velodrom	velodrome
astrologie	astrology
telegramm	telegram
bilokation	bilocation
rheologie	rheology
kremation	cremation
babbeln	babble
dopamin	dopamine
judit	judith
genom	genome
gilgamesch	gilgamesh
omnipräsent	omnipresent
ultimaten	ultimatum
anachronismus	anachronism
konsulat	consulate
emirat	emirate
futuristisch	futuristic
konfirmation	confirmation
cystin	cystine
antillen	antillean
volatil	volatile
linde	lime	 basswood	 linden
solfatare	solfatara
allotropie	allotropy
psychologe	psychologist
gigantismus	gigantism
äquator	equator
psychotherapeut	psychotherapist
sevilla	seville
morphem	morpheme
ichthyologie	ichthyology
subversiv	subversive
kompost	compost
atmosphäre	atmosphere
relativ	relative	 relatively
kippa	skullcap	 yarmulke	 kippah
liberianer	liberian
normandie	normandy
surinamerin	surinamese
angolaner	angolan
mennoniten	mennonite
cholin	choline
frequenz	frequency
legendär	legendary
skandal	scandal
ambivalenz	ambivalence
lymphe	lymph
alanin	alanine
architekt	architect
kindergärtner	kindergartner
kohyponym	cohyponym
drillen	drill
parasitologie	parasitology
melodramatisch	melodramatic
gladiole	gladiolus
immun	immune
problematisch	problematic
ultraviolett	ultraviolet
metier	métier
sonate	sonata
definitiv	definite	 definitely	 finally
cedille	cedilla
menora	menorah
despotismus	despotism
surrealismus	surrealism
doppelgänger	double	 doppelganger
revanchistisch	revanchist
klaustrophobisch	claustrophobic
hedonistisch	hedonistic
erythem	erythema
amphore	amphora
bioinformatik	bioinformatics
anisotropie	anisotropy
korvette	corvette
kation	cation
bretonin	breton
chanukka	hanukkah
osteoporose	osteoporosis
konservatismus	conservatism
trialis	trial
postulat	posit	 postulate
populistisch	populist
nihilistin	nihilist
genese	genesis
isabelle	isabel
vandale	vandal
chlorid	chloride
hieroglyphisch	hieroglyphic
prostylos	prostyle
respekt	respect
extern	external
nehemia	nehemiah
vivianit	vivianite
stillstand	standstill	 stalemate	 rest	 idleness
koitus	coitus
metabolismus	metabolism
berserker	berserk
human	humane
interviewen	interview
halluzinogen	hallucinogen
kreationist	creationist
kalvinist	calvinist
lunarianer	lunarian
psychiatrisch	psychiatric
intuitiv	intuitive
rebell	rebel
vampir	vampire
dahlie	dahlia
innovativ	innovative
natur	nature
bioinformatiker	bioinformatician
katecholamine	catecholamine
hamartie	hamartia
gujaratisch	gujarati
zoologin	zoologist
präposition	preposition
enthusiastisch	enthusiastic
freeganer	freegan
lama	llama
professionelle	professional
fluktuation	fluctuation
zellulose	cellulose
fermate	fermata
positiv	positive
salomo	solomon
genitalien	genitalia
organell	organelle
homosexualität	homosexuality
orientale	oriental
hieroglyphe	hieroglyph
mechanismus	action	 mechanism
gastroenterologie	gastroenterology
desertation	desertion
muslima	muslim
biophysik	biophysics
radiologe	radiologist
artistisch	artistic
irreparabel	irreparable
heterosexuell	heterosexual
purpur	purple	 crimson	 purpure
burgund	burgundy
parallelogramm	parallelogram
moralismus	moralism
paucalis	paucal
parallaxe	parallax
glycin	glycine
plastik	plastic
floristin	florist
journalismus	journalism
dynamit	dynamite
dynamik	dynamic
moral	morale
philologin	philologist
magnetosphäre	magnetosphere
glanduläre	glandular
kandidat	candidate
mechatronik	mechatronics
monismus	monism
infarkt	infarct
gras	grass	 weed	 pot
mongolismus	mongolism
extremistisch	extremist
kreation	creation
isotrop	isotropic
phagocytose	phagocytosis
leukotrien	leukotriene
genitiv	possessive	 genitive
vulgär	vulgar	 foul
reptil	reptile
venusianer	venusian
brigant	brigand
piedestal	pedestal
kadaver	cadaver
klingone	klingon
virologie	virology
absurdität	absurdity
feministin	feminist
chaperone	chaperon
typographie	typography
indiskretion	indiscretion
kompatibilität	compatibility
germanin	german
indianer	indian
jamaika	jamaica
kalvinismus	calvinism
pakistanisch	pakistani
experimentell	experimental
hulda	huldah
paleokonservativ	paleoconservative
schleppen	schlepp	 tow	 drag	 tug
kobalt	cobalt
zentrifuge	centrifuge
lila	purple	 lilac
olympiade	olympiad
shogunat	shogunate
apatit	apatite
mikroorganismus	microorganism
masochismus	masochism
analogon	analog
surrogat	surrogate
explosiv	explosive
masochistisch	masochistic
kongruent	congruent
knesseth	knesset
adrenalin	adrenaline
amphibie	amphibian
nominativ	nominative
dribbeln	dribble
takbīr	takbir
kommunismus	communism
inhuman	inhumane
honduraner	honduran
assassine	assassin
hegemonisch	hegemonic
obskurantismus	obscurantism
dadaismus	dadaism	 dada
koreaner	korean
borschtsch	borscht
aktivist	activist
virtuose	virtuoso
dekoration	decoration
organigramm	organigram
isometrie	isometry
abstrakt	abstract
guanako	guanaco
hellenistisch	hellenistic
steradiant	steradian
euphemismus	euphemism
genotyp	genotype
antipyretisch	antipyretic
konformist	conformist
evangelikal	evangelical
biometrie	biometrics
nationalität	nationality
pyrophobie	pyrophobia
bombe	bomb	 bombshell
arginin	arginine
kolossal	colossal
abecedar	abecedarium
masseurin	masseur	 masseuse
velours	velour
anthropologie	anthropology
antidepressivum	antidepressant
inkarnation	incarnation	 embodiment
qualitativ	qualitative
chillen	chill
abrupt	precipitous	 abruptly
extremismus	extremism
heuristisch	heuristic
chalcedon	chalcedony
skandium	scandium
afrika	africa
gros	gross
ergonomisch	ergonomic
wologda	vologda
hermaphroditisch	hermaphrodite
anthropomorph	anthropomorphic
anusvar	anusvara
euthanasie	euthanasia
supermarkt	supermarket
konstante	constant
intentionalismus	intentionalism
konformismus	conformism
radiologin	radiologist
radiologie	radiology
hermaphrodit	hermaphrodite
kummerbund	cummerbund
reifikation	reification
arterie	artery
destillation	distillation
nicaraguaner	nicaraguan
ziborium	ciborium
forke	fork
tombak	tombac
uria	uriah
urin	urine
dioxid	dioxide
messe	fair	 church	 mess	 mass
tablette	pill	 tablet
myrrhe	myrrh
komfort	comfort
kompresse	compress
tomate	tomato
kompressibilität	compressibility
bismut	bismuth
singularität	singularity
heureka	eureka
äquivalent	equivalent
ammoniak	ammonia
skulptur	sculpture
pandeistich	pandeistic
konditional	conditional
puritaner	puritan
liechtensteinerin	liechtensteiner
calvinismus	calvinism
negligee	negligée
kreml	kremlin
telegen	telegenic
polynom	polynomial
asymmetrisch	asymmetric	 asymmetrical
diagramm	chart	 diagram
tetralogie	tetralogy
melanesien	melanesia
glutaraldehyd	glutaraldehyde
pistole	pistol
ferromagnetismus	ferromagnetism
benzin	gasoline	 petrol	 gas	 benzine
omelett	omelette
ingredienz	ingredient
partnerin	date	 partner
exhibitionistisch	exhibitionist
homolog	homological	 homologous
polynja	polynya
nippel	nipple
differenziation	differentiation
orientalisch	oriental
megaphon	bullhorn	 megaphone
physiologe	physiologist
kontroverse	controversy
grinden	grind
planke	deal	 plank
finne	finn
ecuadorianisch	ecuadorian
voyeurismus	voyeurism
pupille	pupil
geologin	geologist
tonem	toneme
sapphismus	sapphism
asparagin	asparagine
samoaner	samoan
importeur	importer
biometrisch	biometric
christiane	christiana
darwinismus	darwinism
minotauros	minotaur
bronzen	bronze
bathyscaph	bathyscaphe
pneumologie	pneumology
exporteur	exporter
polyethylen	polyethylene
loganbeere	loganberry
schanghai	shanghai
kiribatier	kiribatian
akt	deed	 act
valin	valine
hypochondrie	hypochondria
nudismus	nudism
gallone	gallon
separat	separate
transplantieren	transplant
theistin	theist
katastrophe	catastrophe
novize	novice
enzephalomyokarditis	encephalomyocarditis
polytheismus	polytheism
archipel	archipelago
quartett	quartet
clownfisch	clownfish
mose	moses
instituieren	institute
magnetismus	magnetism
personal	personnel
presbyterianisch	presbyterian
banane	banana
macchie	macchia
witebsk	vitebsk
puffer	cushion	 buffer
pejorativum	pejorative
personen	person
achilleus	achilles
skrotum	scrotum
spionage	espionage
kassette	cassette
abdulla	abdullah
monotheismus	monotheism
visionär	visionary
gerundiv	gerundive
idiotyp	idiotype
dodekaphonist	dodecaphonist
israelisch	israeli
pyjama	pyjamas
archiv	archive
devise	device
regionalismus	regionalism
imperialistisch	imperialistic
gabriele	gabriela
spinett	harpsichord	 spinet
kameramann	cameraman
sanatorien	sanatorium
monogamie	monogamy
melanom	melanoma
lithosphäre	lithosphere
attacke	attack
joghurt	yoghurt
sekretariat	secretariat
zement	cement
neonatologie	neonatology
dement	demented
jütland	jutland
transfinit	transfinite
seismograf	seismograph
classis	class
konstant	constant	 level
honen	hone
enzym	enzyme
lüster	luster
portugiese	portuguese
zypriot	cypriot
senegalesisch	senegalese
antiguanisch	antiguan
chauvinistisch	chauvinist
privat	private
symbiogenese	symbiogenesis
kongenial	congenial
alpaka	alpaca
leitmotiv	leitmotif
diskordianismus	discordianism
individualismus	individualism
revisionismus	revisionism
separatismus	separatism
marxismus	marxism
liberianisch	liberian
colchicin	colchicine
signifikant	significant
senilität	senility
linguistik	linguistics
surrealistisch	surrealistic	 surrealist
metallurgie	metallurgy
socke	sock
antinomie	antinomy
glimmern	glimmer
katapult	catapult
thrombose	thrombosis
tetrarchie	tetrarchy
freeganismus	freeganism
germanismus	germanism
atheisten	atheists
begonie	begonia
metaphysik	metaphysics
psychopolitik	psychopolitics
emergenz	emergence
babesiose	babesiosis
attribut	attribute
theoretisch	theoretical	 theoretic
borgesianisch	borgesian
goali	goalie
theistich	theistic
schizophren	schizophrenic
histidin	histidine
akrobat	acrobat
psychose	psychosis
bringen	bring	 make
identität	identity	 unity
redundanz	redundancy
dyslexie	dyslexia
photograph	photographer
sara	sarah
thatcherismus	thatcherism
azoren	azores
fatalismus	fatalism
arsen	arsenic
montserrat	montserratian
gneis	gneiss
neuropathisch	neuropathic
kosmonaut	cosmonaut
immanuel	emmanuel
palindrom	palindrome
kenotaph	cenotaph
aphasie	aphasia
hormon	hormone
mirandés	mirandese
barriere	wall	 barrier
chauvinismus	chauvinism
dialog	dialogue
fragmentarisch	fragmentary
isoglosse	isogloss
atavistisch	atavistic
ruine	ruin
synchron	synchronic	 synchronous
eskalation	escalation
zytostom	cytostome
zentral	central
ecgonin	ecgonine
azur	azure
allel	allele
diokletian	diocletian
allee	avenue	 alley
lavendel	lavender
glucosamin	glucosamine
perfekt	consummate	 perfect	 flawless
dativ	dative
calcit	calcite
paralyse	paralysis
industrie	industrial	 industry
drops	drop
phantasmagorie	phantasmagoria
aktion	action
prototyp	prototype
daten	date	 data
naphthalin	naphthalene
videokassette	videocassette
institut	institute
multiplexen	multiplex
konstellation	constellation	 alignment
bromhexin	bromhexine
heterosexuelle	heterosexual
filtrat	filtrate
kabriolett	cabriolet
telepathie	telepathy
ilmenit	ilmenite
klingonin	klingon
liste	roll	 catalogue	 roster	 slate	 list
parallele	parallel
hermeneutik	hermeneutics
temporär	temporal	 temporary
irregulär	irregular
turbulenz	turbulence
nonkonformist	nonconformist
athlet	athlete
substantivieren	substantivise
feministisch	feminist
firma	company	 firm
volumen	volume
eschatologie	eschatology
gewinner	winner	 champion
laboratorium	laboratory
zoophobie	zoophobia
antenne	antenna
opiat	opiate
defragmentieren	defragment
trigonometrie	trigonometry
etymologie	etymology
monoton	monotonic
ethnologie	ethnology
motiv	motif	 motive
kommentar	comment	 commentary
kombination	combination	 plant
appendizitis	appendicitis
schelde	scheldt	 escaut
nepotismus	nepotism
infantilismus	infantilism
komitologie	comitology
hawaiianisch	hawaiian
dichotom	dichotomous
lunge	lung
kongress	congress
anthropomorphismus	anthropomorphism
valentin	valentine
standarte	standard	 banner	 brush
oktopus	octopus
sylphe	sylph
cousine	cousin
proletarier	proletarian
synonym	synonymous
nogaier	nogai
pakistanerin	pakistani
psychiatrie	psychiatry
hokkaidō	hokkaido
olivin	olivine
metapher	metaphor
minarett	minaret
studentin	student	 academician
holomorph	holomorphic
futur	future
kontext	context
sambia	zambia
prolin	proline
tourismus	tourism
disput	dispute
amphiprostylos	amphiprostyle
komputativ	computative
australien	australia
australier	australian
chassid	hassid
hydrophob	hydrophobic
abstinenz	abstinence
mosaik	mosaic
hungern	hunger
prisma	prism
feminismus	feminism
immunität	immunity
jakutsk	yakutsk
hydrophil	hydrophilic
falsett	falsetto
jussiv	jussive
kollaboration	collaboration
rampe	ramp
dualismus	dualism
trichotillomanie	trichotillomania
fatalistisch	fatalistic
despotie	despotism
transvestit	transvestite
lymphom	lymphoma
selenologin	selenologist
selenologie	selenology
bluttransfusion	transfusion
turkmene	turkmen
albatros	albatross
lemure	lemur
analog	analogue
praseodym	praseodymium
korrupt	corrupt
radioisotop	radioisotope
neolithikum	neolithic
kreationismus	creationism
diphtherie	diphtheria
frequentativum	frequentative
photoshoppen	photoshop
toupet	toupee
hexamethylendiamin	hexamethylenediamine
moderat	moderate
pyramide	pyramid
sentimentalität	sentimentality
saxophonistin	saxophonist
kalorie	calorie
ministerin	minister
